counter_id,sensor,road_type,longitude,latitude,prefecture,municipality_code,municipality,town,in_5min_box
1110010,loop,3,140.6421045,41.9310876,北海道,1337,七飯町,字峠下,False
1110020,loop,3,140.4840606,42.1540982,北海道,1345,森町,字石倉町,False
1110030,loop,3,140.377502,42.672714,北海道,1393,黒松内町,字白井川,False
1110050,loop,3,140.735792,43.121255,北海道,1407,仁木町,大江一丁目,False
1110060,loop,3,140.862496,43.198688,北海道,1203,小樽市,蘭島一丁目,False
1110080,loop,3,141.118728,43.153022,北海道,1203,小樽市,張碓町,False
1110090,loop,3,141.3496424,43.0836441,北海道,1102,札幌市 北区,北十九条西二丁目,False
1110100,loop,3,140.7378302,41.8555092,北海道,1202,函館市,桔梗町,False
1110110,loop,3,140.69325,41.910944,北海道,1337,七飯町,字桜町,False
1110120,loop,3,140.412444,42.656745,北海道,1393,黒松内町,字赤井川,False
1110130,loop,3,141.721783,43.184734,北海道,1210,岩見沢市,上幌向南一条二丁目,False
1110140,loop,3,141.866096,43.351557,北海道,1215,美唄市,癸巳町,False
1110150,loop,3,142.211538,43.726782,北海道,1204,旭川市,神居町神居古潭,False
1110160,loop,3,142.333692,43.798283,北海道,1204,旭川市,字近文六線,False
1110170,loop,3,141.495931,42.954098,北海道,1234,北広島市,輪厚,False
1110180,loop,3,141.5539538,42.6195148,北海道,1213,苫小牧市,有明町二丁目,False
1110190,loop,3,141.0774629,42.3850076,北海道,1230,登別市,大和町二丁目,False
1110200,loop,3,140.6268309,42.6003365,北海道,1571,豊浦町,字大岸,False
1110220,loop,3,142.1739006,43.5309404,北海道,1216,芦別市,北七条西四丁目,False
1110230,loop,3,142.377435,43.345138,北海道,1229,富良野市,新富町,False
1110240,loop,3,142.575567,43.161386,北海道,1462,南富良野町,字幾寅,False
1110250,loop,3,142.8955221,42.967603,北海道,1636,清水町,字羽帯南二線,False
1110260,loop,3,143.2700872,42.9167329,北海道,1643,幕別町,字千住,False
1110270,loop,3,143.765979,42.832729,北海道,1649,浦幌町,字厚内,False
1110280,loop,3,144.2464972,43.0020109,北海道,1206,釧路市,大楽毛,False
1110281,loop,3,144.3754256,43.0348311,北海道,1206,釧路市,昭和,False
1110282,loop,3,144.4224501,43.0162856,北海道,1661,釧路町,字別保原野,False
1110283,loop,3,144.473627,43.002689,北海道,1661,釧路町,字別保,False
1110290,loop,3,142.447347,43.818868,北海道,1204,旭川市,永山三条二十四丁目,False
1110300,loop,3,142.744489,43.848944,北海道,1457,上川町,字共進,False
1110310,loop,3,142.902273,43.781848,北海道,1457,上川町,字清川,False
1110320,loop,3,143.4918536,43.7505397,北海道,1208,北見市,留辺蘂町平里,False
1110330,loop,3,143.833134,43.798182,北海道,1208,北見市,西三輪四丁目,False
1110331,loop,3,143.8981667,43.7822242,北海道,1208,北見市,南丘,False
1110332,loop,3,143.926029,43.802928,北海道,1208,北見市,川東,False
1110340,loop,3,144.102175,43.853097,北海道,1543,美幌町,字美禽,False
1110350,loop,3,144.150466,43.8704,北海道,1564,大空町,女満別中央,False
1110360,loop,3,142.40886,43.819632,北海道,1204,旭川市,東鷹栖二線,False
1110370,loop,3,142.46586,43.937545,北海道,1455,比布町,北十二線,False
1110380,loop,3,142.340371,44.494388,北海道,1469,美深町,字敷島,False
1110390,loop,3,142.065768,44.822704,北海道,1471,中川町,字誉,False
1110400,loop,3,142.446612,44.331686,北海道,1221,名寄市,字豊栄,False
1110410,loop,3,142.40433,44.412452,北海道,1221,名寄市,字内淵,False
1110420,loop,3,142.370834,44.436504,北海道,1221,名寄市,字智恵文,False
1110430,loop,3,142.373557,44.467196,北海道,1469,美深町,字美深,False
1110431,loop,3,142.349754,44.494003,北海道,1469,美深町,字敷島,False
1110440,loop,3,141.836757,45.016906,北海道,1520,幌延町,字幌延,False
1110460,loop,3,141.770096,45.208926,北海道,1516,豊富町,字芦川,False
1110470,loop,3,144.4493526,42.9947918,北海道,1661,釧路町,字別保原野南二十五線,False
1110480,loop,3,145.0159693,43.133437,北海道,1663,浜中町,茶内西二線,False
1110490,loop,3,140.6338191,41.897348,北海道,1236,北斗市,市渡,False
1110500,loop,3,140.2558047,41.4805876,北海道,1332,福島町,字福島,False
1110510,loop,3,140.7069415,41.8390101,北海道,1202,函館市,西桔梗町,False
1110520,loop,3,140.6702676,41.8322974,北海道,1236,北斗市,一本木,False
1110530,loop,3,140.6236414,41.8206594,北海道,1236,北斗市,桜岱,False
1110540,loop,3,140.334316,43.248348,北海道,1404,神恵内村,大字珊内村,False
1110550,loop,3,140.471476,42.966441,北海道,1402,岩内町,字敷島内,False
1110560,loop,3,139.972281,42.690596,北海道,1391,島牧村,字原歌町,False
1110570,loop,3,140.0715584,42.0683905,北海道,1346,八雲町,熊石折戸町,False
1110600,loop,3,141.3248983,43.1876803,北海道,1235,石狩市,新港南二丁目,False
1110610,loop,3,141.428392,43.377555,北海道,1235,石狩市,厚田小谷,False
1110620,loop,3,141.602442,43.89116,北海道,1481,増毛町,阿分,False
1110630,loop,3,141.790418,44.711982,北海道,1486,遠別町,字富士見,False
1110640,loop,3,141.656227,43.999965,北海道,1482,小平町,字臼谷,False
1110650,loop,3,141.953873,43.7659857,北海道,1434,秩父別町,−,False
1110660,loop,3,141.687135,43.919969,北海道,1212,留萌市,潮静四丁目,False
1110670,loop,3,141.995229,43.719328,北海道,1228,深川市,深川町,False
1110680,loop,3,141.939455,43.802477,北海道,1438,沼田町,字旭町,False
1110690,loop,3,141.856355,43.804048,北海道,1437,北竜町,字美葉牛,False
1110700,loop,3,141.778679,43.845188,北海道,1212,留萌市,大字留萌村,False
1110701,loop,3,141.723595,43.878227,北海道,1212,留萌市,大字留萌村,False
1110702,loop,3,141.68278,43.928072,北海道,1212,留萌市,大字留萌村,False
1110710,loop,3,141.7473744,43.1126912,北海道,1210,岩見沢市,栗沢町最上,False
1110720,loop,3,141.8315435,42.8109157,北海道,1585,安平町,安平,False
1110730,loop,3,141.9503395,42.5748116,北海道,1586,むかわ町,宮戸,False
1110740,loop,3,142.7152599,42.1863491,北海道,1607,浦河町,字絵笛,False
1110750,loop,3,141.724241,42.6757265,北海道,1213,苫小牧市,字柏原,False
1110760,loop,3,141.8200069,42.659455,北海道,1581,厚真町,字共和,False
1110770,loop,3,141.8930837,42.5992919,北海道,1586,むかわ町,田浦,False
1110780,loop,3,143.273263,42.4793929,北海道,1641,大樹町,字振別,False
1110790,loop,3,142.9927157,42.2356785,北海道,1607,浦河町,字上杵臼,False
1110800,loop,3,143.1061614,42.9445568,北海道,1637,芽室町,西士狩北四線,False
1110810,loop,3,143.1246418,42.8783228,北海道,1637,芽室町,北伏古東十四線,False
1110820,loop,3,143.175416,42.7726327,北海道,1207,帯広市,昭和町東三線,False
1110830,loop,3,143.168571,42.7220471,北海道,1638,中札内村,新生東二線,False
1110831,loop,3,143.145688,42.677732,北海道,1638,中札内村,栄東三線,False
1110832,loop,3,143.190237,42.637427,北海道,1639,更別村,字更別,False
1110833,loop,3,143.288527,42.550911,北海道,1643,幕別町,忠類共栄,False
1110840,loop,3,142.395871,43.677663,北海道,1204,旭川市,西神楽一線,False
1110850,loop,3,142.416499,43.142849,北海道,1462,南富良野町,字金山,False
1110860,loop,3,141.984126,42.5601462,北海道,1586,むかわ町,米原,False
1110861,loop,3,142.0646378,42.5117186,北海道,1601,日高町,富川東三丁目,False
1110862,loop,3,142.1551718,42.4768802,北海道,1601,日高町,字清畠,False
1110870,loop,3,144.0483972,44.1220979,北海道,1208,北見市,常呂町字常呂,False
1110881,loop,3,143.491111,44.247222,北海道,1219,紋別市,沼の上,False
1110890,loop,3,142.9747586,44.571011,北海道,1563,雄武町,字雄武,False
1110900,loop,3,141.74393,45.401916,北海道,1214,稚内市,声問一丁目,False
1110910,loop,3,142.51453,44.331246,北海道,1221,名寄市,字日彰,False
1110920,loop,3,142.27833,44.179011,北海道,1220,士別市,温根別町,False
1110930,loop,3,144.1218925,43.0941672,北海道,1206,釧路市,阿寒町下舌辛十二線,False
1110941,loop,3,144.026451,43.698893,北海道,1544,津別町,字共和,False
1110950,loop,3,143.2746363,43.2042374,北海道,1632,士幌町,字士幌東一線,False
1110960,loop,3,143.740097,43.4584,北海道,1648,陸別町,字陸別,False
1110970,loop,3,143.580506,43.110542,北海道,1646,本別町,共栄,False
1110980,loop,3,144.3196517,43.5596904,北海道,1665,弟子屈町,字屈斜路,False
1110990,loop,3,144.6738938,43.4652508,北海道,1664,標茶町,字虹別市街,False
1111000,loop,3,145.1354671,43.3767268,北海道,1691,別海町,別海鶴舞町,False
1111010,loop,3,144.2978521,43.9818586,北海道,1211,網走市,字鱒浦,False
1111020,loop,3,145.2084661,43.5898177,北海道,1691,別海町,尾岱沼,False
1111030,loop,3,144.5287192,43.0221412,北海道,1661,釧路町,字上別保原野,False
1111040,loop,3,144.9801323,43.5392938,北海道,1692,中標津町,桜ヶ丘三丁目,False
1111050,loop,3,143.262315,44.251595,北海道,1219,紋別市,上渚滑町八丁目,False
1111060,loop,3,142.0403856,42.9380851,北海道,1209,夕張市,紅葉山,False
1111080,loop,3,142.816438,42.9732,北海道,1636,清水町,字清水,False
1111090,loop,3,141.4830387,43.1213079,北海道,1217,江別市,角山,False
1111100,loop,3,141.8216186,43.4346337,北海道,1431,浦臼町,字浦臼内,False
1111110,loop,3,141.8750113,43.5716856,北海道,1432,新十津川町,字中央,False
1111130,loop,3,140.796333,41.773194,北海道,1202,函館市,高松町,False
1111140,loop,3,140.8062566,42.0384178,北海道,1343,鹿部町,字宮浜,False
1111145,loop,3,140.7552781,41.8400014,北海道,1202,函館市,亀田中野町,False
1111150,loop,3,143.413281,44.010611,北海道,1555,遠軽町,瀬戸瀬西町,False
1111160,loop,3,143.715644,43.962452,北海道,1552,佐呂間町,字中園,False
1111180,loop,3,141.6810393,42.8159606,北海道,1224,千歳市,柏台,False
1111190,loop,3,141.6903091,42.8307073,北海道,1224,千歳市,祝梅,False
1111200,loop,3,141.7104933,42.8609481,北海道,1224,千歳市,中央,False
1111210,loop,3,141.554044,43.18556,北海道,1303,当別町,蕨岱,False
1111220,loop,3,144.5593071,43.3726911,北海道,1664,標茶町,字熊牛原野,False
1111230,loop,3,144.489672,43.811261,北海道,1547,小清水町,字水上,False
1111240,loop,3,144.0391088,42.9960474,北海道,1668,白糠町,茶路基線,False
1111250,loop,3,140.955582,43.089578,北海道,1409,赤井川村,字常盤,False
1111260,loop,3,142.480139,43.923304,北海道,1455,比布町,北八線,False
1111270,loop,3,142.548538,43.903479,北海道,1456,愛別町,字金富,False
1111280,loop,3,142.598335,43.889623,北海道,1456,愛別町,字愛別,False
1111290,loop,3,142.737691,43.840859,北海道,1457,上川町,字東雲,False
1111300,loop,3,142.799904,43.843162,北海道,1457,上川町,字日東,False
1111310,loop,3,142.9937553,43.8858851,北海道,1457,上川町,字上越,False
1111320,loop,3,143.272964,43.942327,北海道,1555,遠軽町,下白滝,False
1111321,loop,3,143.417614,44.005186,北海道,1555,遠軽町,瀬戸瀬西町,False
1111322,loop,3,143.450296,44.01019,北海道,1555,遠軽町,野上,False
1111330,loop,3,141.3440037,42.9389648,北海道,1106,札幌市 南区,常盤四条二丁目,False
1111340,loop,3,140.8961254,42.5591475,北海道,1575,壮瞥町,字滝之町,False
1111350,loop,3,141.7190833,42.8831389,北海道,1224,千歳市,中央,False
1111360,loop,3,141.717002,42.913871,北海道,1224,千歳市,泉郷,False
1111370,loop,3,141.635599,43.054254,北海道,1423,南幌町,南十五線西,False
1111380,loop,3,140.7753,41.822662,北海道,1202,函館市,陣川町,False
1111390,loop,3,140.800817,41.802042,北海道,1202,函館市,滝沢町,False
1111400,loop,3,140.573825,41.754579,北海道,1236,北斗市,当別,False
1111410,loop,3,142.361454,43.353148,北海道,1229,富良野市,字学田三区,False
1111420,loop,3,142.381627,43.303801,北海道,1229,富良野市,字中五区,False
1111500,loop,3,145.517778,43.291111,北海道,1223,根室市,幌茂尻,False
1111600,loop,3,140.797074,43.16221,北海道,1408,余市町,黒川町,False
1160010,loop,1,143.6537933,43.1205326,北海道,1649,浦幌町,字栄穂,False
1160020,loop,1,143.6787104,43.1224409,北海道,1649,浦幌町,字栄穂,False
1160030,loop,1,143.9874923,43.0812154,北海道,1668,白糠町,−,False
1160040,loop,1,144.1232336,43.0845222,北海道,1206,釧路市,阿寒町下舌辛,False
1160050,loop,1,144.173494,43.091389,北海道,1206,釧路市,阿寒町東舌辛,False
1160060,loop,1,144.303761,43.046703,北海道,1206,釧路市,鶴野,False
1160120,loop,1,143.731065,43.69663,北海道,1549,訓子府町,字協成,False
1160130,loop,1,143.819828,43.737568,北海道,1208,北見市,常川,False
1310010,loop,3,140.682556,41.909056,北海道,1337,七飯町,字上藤城,False
1310020,loop,3,140.622028,42.016472,北海道,1345,森町,字赤井川,False
1310030,loop,3,140.326972,42.443556,北海道,1347,長万部町,字国縫,False
1310040,loop,3,140.666614,43.005875,北海道,1401,共和町,国富,False
1310050,loop,3,141.1990678,43.131785,北海道,1109,札幌市 手稲区,稲穂一条八丁目,False
1310060,loop,3,141.3767481,43.0654744,北海道,1101,札幌市 中央区,北一条東十二丁目,False
1310070,loop,3,141.4108604,43.0485101,北海道,1104,札幌市 白石区,本通四丁目南,False
1310080,loop,3,141.4844763,43.0577493,北海道,1108,札幌市 厚別区,厚別東五条八丁目,False
1310090,loop,3,141.8492997,43.2949457,北海道,1215,美唄市,光珠内町北,False
1310100,loop,3,141.9200456,43.5354478,北海道,1226,砂川市,空知太西一条四丁目,False
1310110,loop,3,141.9957268,43.6623845,北海道,1228,深川市,音江町,False
1310120,loop,3,141.4241588,43.0094644,北海道,1110,札幌市 清田区,北野一条一丁目,False
1310130,loop,3,141.609931,42.85324,北海道,1224,千歳市,上長都,False
1310140,loop,3,141.693651,42.792031,北海道,1224,千歳市,美々,False
1310150,loop,3,141.2489566,42.4833488,北海道,1578,白老町,字竹浦,False
1310160,loop,3,140.964739,42.3624025,北海道,1205,室蘭市,幌萌町,False
1310170,loop,3,140.9519019,42.3635655,北海道,1205,室蘭市,陣屋町三丁目,False
1310180,loop,3,142.378762,43.223766,北海道,1229,富良野市,字山部東二十三線,False
1310200,loop,3,143.9445233,42.8918363,北海道,1206,釧路市,音別町あけぼの二丁目,False
1310210,loop,3,144.2786998,43.0097978,北海道,1206,釧路市,大楽毛三丁目,False
1310220,loop,3,144.2728472,43.0222981,北海道,1206,釧路市,大楽毛三丁目,False
1310230,loop,3,144.0808788,43.8589342,北海道,1543,美幌町,字高野,False
1310240,loop,3,144.2315868,44.0113297,北海道,1211,網走市,大曲二丁目,False
1310250,loop,3,142.395004,44.167259,北海道,1220,士別市,大通東十四丁目,False
1310260,loop,3,142.392098,44.190302,北海道,1220,士別市,東二条北九丁目,False
1310270,loop,3,141.930734,44.898498,北海道,1487,天塩町,字オヌプナイ,False
1310280,loop,3,141.772244,45.091921,北海道,1516,豊富町,字新生,False
1310290,loop,3,141.728937,45.364368,北海道,1214,稚内市,大字声問村,False
1310300,loop,3,144.8007274,43.0594504,北海道,1662,厚岸町,門静一丁目,False
1310310,loop,3,145.5015779,43.2755025,北海道,1223,根室市,温根沼,False
1310320,loop,3,140.139639,41.894,北海道,1361,江差町,字泊町,False
1310330,loop,3,140.444,41.684722,北海道,1334,木古内町,字木古内,False
1310340,loop,3,140.646731,43.261929,北海道,1406,古平町,大字沢江町,False
1310350,loop,3,140.5119,43.041313,北海道,1403,泊村,大字堀株村,False
1310360,loop,3,139.981876,42.1292606,北海道,1346,八雲町,熊石雲石町,False
1310370,loop,3,141.3442719,43.0074834,北海道,1106,札幌市 南区,南三十七条西十丁目,False
1310380,loop,3,140.953155,42.797316,北海道,1398,喜茂別町,字伏見,False
1310390,loop,3,140.927534,42.75911,北海道,1397,留寿都村,字泉川,False
1310420,loop,3,141.663389,44.315812,北海道,1483,苫前町,字栄浜,False
1310430,loop,3,141.6803745,42.6839727,北海道,1213,苫小牧市,ウトナイ北十二丁目,False
1310440,loop,3,142.1783574,42.4555085,北海道,1601,日高町,字清畠,False
1310450,loop,3,143.1845784,42.850469,北海道,1207,帯広市,川西町基線,False
1310460,loop,3,142.387706,43.359771,北海道,1229,富良野市,字東学田二区,False
1310470,loop,3,142.4313468,42.8768945,北海道,1601,日高町,字日高,False
1310490,loop,3,143.131573,44.4694,北海道,1561,興部町,字興部,False
1310500,loop,3,142.577793,44.951353,北海道,1514,枝幸町,岬町,False
1310520,loop,3,144.4077086,43.4749563,北海道,1665,弟子屈町,字鐺別原野,False
1310530,loop,3,143.778977,43.351455,北海道,1647,足寄町,上足寄,False
1310540,loop,3,144.1898958,43.7124136,北海道,1543,美幌町,字古梅,False
1310550,loop,3,145.2499867,43.2365116,北海道,1223,根室市,厚床二丁目,False
1310560,loop,3,145.1213962,43.6806949,北海道,1693,標津町,字伊茶仁,False
1310570,loop,3,144.8334503,43.3613194,北海道,1691,別海町,西春別,False
1310580,loop,3,142.818956,43.855354,北海道,1457,上川町,字天幕,False
1310590,loop,3,141.3492984,43.101919,北海道,1103,札幌市 東区,北三十四条東二丁目,False
1310600,loop,3,141.4801633,43.0185879,北海道,1108,札幌市 厚別区,上野幌一条五丁目,False
1310610,loop,3,143.671096,43.124397,北海道,1649,浦幌町,字栄穂,False
1310620,loop,3,141.40691,43.080001,北海道,1103,札幌市 東区,東雁来二条一丁目,False
1310630,loop,3,141.5421492,43.2246023,北海道,1303,当別町,字金沢,False
1310650,loop,3,141.5956308,42.6640685,北海道,1213,苫小牧市,字高丘,False
1310660,loop,3,143.5657163,43.9843695,北海道,1555,遠軽町,生田原旭野,False
1310670,loop,3,144.7997993,43.9341704,北海道,1545,斜里町,字峰浜,False
1310680,loop,3,141.6642755,42.8433423,北海道,1224,千歳市,清流二丁目,False
1310690,loop,3,144.4594431,43.0480985,北海道,1661,釧路町,遠矢一丁目,False
1310700,loop,3,141.34856,43.001297,北海道,1106,札幌市 南区,真駒内曙町一丁目,False
1810010,cctv,3,140.63609,41.996809,北海道,1337,七飯町,字西大沼,False
1810020,cctv,3,140.596961,42.079752,北海道,1345,森町,字駒ケ岳,False
1810030,cctv,3,140.438889,42.181944,北海道,1346,八雲町,入沢,False
1810040,cctv,3,140.385,42.215833,北海道,1346,八雲町,野田生,False
1810050,cctv,3,140.271667,42.299722,北海道,1346,八雲町,花浦,False
1810060,cctv,3,140.42222,42.7025,北海道,1393,黒松内町,字白井川,False
1810070,cctv,3,140.52666,42.805277,北海道,1394,蘭越町,蘭越町,False
1810080,cctv,3,140.700552,42.799526,北海道,1395,ニセコ町,字元町,False
1810100,cctv,3,140.678611,43.037777,北海道,1401,共和町,国富,False
1810110,cctv,3,140.975798,43.207208,北海道,1203,小樽市,長橋五丁目,False
1810120,cctv,3,141.041001,43.177556,北海道,1203,小樽市,桜二丁目,False
1810130,cctv,3,140.720833,41.881667,北海道,1337,七飯町,字大中山,False
1810140,cctv,3,140.673037,41.922053,北海道,1337,七飯町,字藤城,False
1810160,cctv,3,141.936064,43.575214,北海道,1225,滝川市,南滝の川,False
1810180,cctv,3,142.2738323,43.755239,北海道,1204,旭川市,神居町富岡,False
1810200,cctv,3,141.532244,42.928001,北海道,1234,北広島市,島松,False
1810210,cctv,3,141.599922,42.862126,北海道,1231,恵庭市,戸磯,False
1810220,cctv,3,141.709144,42.736385,北海道,1213,苫小牧市,字美沢,False
1810240,cctv,3,141.159993,42.444749,北海道,1230,登別市,富浦町一丁目,False
1810250,cctv,3,140.996368,42.328966,北海道,1205,室蘭市,御崎町二丁目,False
1810260,cctv,3,140.461667,42.598611,北海道,1347,長万部町,字静狩,False
1810270,cctv,3,140.520753,42.593197,北海道,1393,黒松内町,字大成,False
1810280,cctv,3,140.535945,42.593728,北海道,1347,長万部町,字静狩,False
1810290,cctv,3,140.742626,42.562676,北海道,1584,洞爺湖町,清水,False
1810310,cctv,3,141.983838,43.574084,北海道,1225,滝川市,東滝川町二丁目,False
1810320,cctv,3,142.266721,43.4708,北海道,1216,芦別市,野花南町,False
1810350,cctv,3,142.5754851,43.1972724,北海道,1229,富良野市,−,False
1810360,cctv,3,142.786825,43.157127,北海道,1635,新得町,字新内西九線,False
1810370,cctv,3,143.51125,42.814306,北海道,1645,豊頃町,育素多,False
1810380,cctv,3,143.71063,42.820831,北海道,1649,浦幌町,字上厚内,False
1810390,cctv,3,143.874907,42.864489,北海道,1206,釧路市,音別町尺別,False
1810400,cctv,3,144.254672,43.00508,北海道,1206,釧路市,大楽毛,False
1810410,cctv,3,144.257695,43.019551,北海道,1206,釧路市,大楽毛,False
1810420,cctv,3,144.364725,43.007684,北海道,1206,釧路市,鳥取大通一丁目,False
1810430,cctv,3,142.5222623,43.8953377,北海道,1455,比布町,基線,False
1810460,cctv,3,144.001818,43.884845,北海道,1208,北見市,端野町緋牛内,False
1810480,cctv,3,144.156572,43.913662,北海道,1564,大空町,女満別本郷,False
1810490,cctv,3,142.4494768,43.8473415,北海道,1204,旭川市,東鷹栖一線,False
1810500,cctv,3,142.3912932,44.0916349,北海道,1465,剣淵町,東町,False
1810510,cctv,3,142.2740192,44.7048375,北海道,1470,音威子府村,字咲来,False
1810520,cctv,3,142.249444,44.722778,北海道,1470,音威子府村,字音威子府,False
1810530,cctv,3,141.953541,44.89642,北海道,1487,天塩町,字ペンケビラ,False
1810540,cctv,3,141.771843,45.020954,北海道,1520,幌延町,字下沼,False
1810550,cctv,3,141.751626,45.145029,北海道,1516,豊富町,字徳満,False
1810560,cctv,3,141.745387,45.226466,北海道,1516,豊富町,字開源,False
1810570,cctv,3,141.794418,45.113019,北海道,1516,豊富町,字福永,False
1810580,cctv,3,144.393418,42.987821,北海道,1206,釧路市,旭町,False
1810590,cctv,3,144.791279,43.057745,北海道,1662,厚岸町,門静二丁目,False
1810600,cctv,3,144.830749,43.05804,北海道,1662,厚岸町,宮園一丁目,False
1810610,cctv,3,145.507314,43.282406,北海道,1223,根室市,温根沼,False
1810620,cctv,3,140.455833,41.95083,北海道,1363,厚沢部町,字峠下,False
1810630,cctv,3,140.613139,41.770722,北海道,1236,北斗市,矢不来,False
1810640,cctv,3,140.434972,41.666445,北海道,1334,木古内町,字新道,False
1810650,cctv,3,140.429715,41.624898,北海道,1333,知内町,字森越,False
1810660,cctv,3,140.249306,41.499417,北海道,1332,福島町,字三岳,False
1810670,cctv,3,140.185625,41.402021,北海道,1331,松前町,字白神,False
1810680,cctv,3,140.128056,41.431667,北海道,1331,松前町,字朝日,False
1810690,cctv,3,140.027778,41.711667,北海道,1362,上ノ国町,字石崎,False
1810700,cctv,3,140.124722,41.847778,北海道,1361,江差町,字柏町,False
1810710,cctv,3,140.732222,41.842778,北海道,1202,函館市,桔梗町,False
1810720,cctv,3,140.64875,41.836139,北海道,1236,北斗市,中野通,False
1810730,cctv,3,140.610556,41.780556,北海道,1236,北斗市,矢不来,False
1810750,cctv,3,140.734464,43.228705,北海道,1408,余市町,白岩町,False
1810760,cctv,3,140.6375,43.280277,北海道,1406,古平町,大字新地町,False
1810780,cctv,3,140.422613,43.328914,北海道,1405,積丹町,大字西河町,False
1810790,cctv,3,140.346959,43.198787,北海道,1404,神恵内村,大字珊内村,False
1810800,cctv,3,140.505833,43.044805,北海道,1403,泊村,大字堀株村,False
1810810,cctv,3,140.548333,43.022777,北海道,1401,共和町,宮丘,False
1810820,cctv,3,140.538303,42.997503,北海道,1401,共和町,梨野舞納,False
1810830,cctv,3,140.511333,42.981,北海道,1402,岩内町,字高台,False
1810840,cctv,3,140.409415,42.931634,,,,,False
1810850,cctv,3,140.308974,42.830944,北海道,1392,寿都町,字歌棄町,False
1810860,cctv,3,140.184051,42.818297,北海道,1392,寿都町,字政泊町,False
1810870,cctv,3,139.919444,42.684444,北海道,1391,島牧村,字栄浜,False
1810880,cctv,3,139.832222,42.575833,北海道,1371,せたな町,瀬棚区北島歌,False
1810890,cctv,3,139.899444,42.1725,北海道,1371,せたな町,大成区貝取澗,False
1810900,cctv,3,139.868333,42.2175,北海道,1371,せたな町,大成区平浜,False
1810910,cctv,3,140.016837,42.119188,北海道,1346,八雲町,熊石見日町,False
1810920,cctv,3,140.139624,41.973249,北海道,1364,乙部町,字館浦,False
1810940,cctv,3,141.339621,43.001256,北海道,1106,札幌市 南区,川沿一条一丁目,False
1810950,cctv,3,141.337588,42.999192,北海道,1106,札幌市 南区,川沿二条一丁目,False
1810960,cctv,3,141.151206,42.953627,北海道,1106,札幌市 南区,定山渓,False
1810970,cctv,3,141.139985,42.883263,北海道,1106,札幌市 南区,定山渓,False
1810980,cctv,3,140.839722,42.694444,北海道,1397,留寿都村,字三ノ原,False
1811010,cctv,3,141.353771,43.161847,北海道,1102,札幌市 北区,東茨戸一条一丁目,False
1811020,cctv,3,141.323859,43.183375,北海道,1235,石狩市,新港南一丁目,False
1811030,cctv,3,141.345058,43.223204,北海道,1235,石狩市,船場町,False
1811040,cctv,3,141.436259,43.399048,北海道,1235,石狩市,厚田,False
1811050,cctv,3,141.350733,43.75429,北海道,1481,増毛町,雄冬,False
1811060,cctv,3,141.761931,44.966486,北海道,1487,天塩町,字川口,False
1811080,cctv,3,141.785854,44.804922,北海道,1486,遠別町,字北里,False
1811090,cctv,3,141.79398,44.642266,北海道,1486,遠別町,字歌越,False
1811110,cctv,3,141.711254,44.374058,北海道,1484,羽幌町,北町,False
1811120,cctv,3,141.656338,44.255796,北海道,1483,苫前町,字上平,False
1811130,cctv,3,141.663029,44.070631,北海道,1482,小平町,字大椴,False
1811150,cctv,3,141.651833,43.946784,北海道,1212,留萌市,大字留萌村,False
1811160,cctv,3,141.829941,43.832161,北海道,1212,留萌市,大字留萌村,False
1811170,cctv,3,141.814442,43.849231,北海道,1212,留萌市,大字留萌村,False
1811180,cctv,3,141.738524,43.874433,北海道,1212,留萌市,大字留萌村,False
1811190,cctv,3,141.685028,43.919025,北海道,1212,留萌市,潮静四丁目,False
1811200,cctv,3,141.711544,43.887433,北海道,1212,留萌市,大字留萌村,False
1811210,cctv,3,141.764248,43.191644,北海道,1210,岩見沢市,並木町,False
1811220,cctv,3,141.813884,42.898883,北海道,1224,千歳市,東丘,False
1811230,cctv,3,141.812065,42.885113,北海道,1585,安平町,追分緑が丘,False
1811240,cctv,3,141.812586,42.763195,北海道,1585,安平町,早来栄町,False
1811250,cctv,3,141.981715,42.553177,北海道,1586,むかわ町,米原,False
1811260,cctv,3,142.768611,42.169167,北海道,1607,浦河町,築地一丁目,False
1811270,cctv,3,142.070834,42.506152,北海道,1601,日高町,字緑町,False
1811280,cctv,3,143.30053,42.584226,北海道,1643,幕別町,忠類元忠類,False
1811290,cctv,3,143.061454,42.376823,北海道,1642,広尾町,−,False
1811320,cctv,3,142.469167,43.605278,北海道,1459,美瑛町,字大村,False
1811330,cctv,3,142.4353438,43.560997,北海道,1459,美瑛町,字美馬牛,False
1811370,cctv,3,143.867897,44.099753,北海道,1552,佐呂間町,字幌岩,False
1811380,cctv,3,143.72058,44.120704,北海道,1559,湧別町,志撫子,False
1811390,cctv,3,143.334896,44.364948,北海道,1219,紋別市,落石町四丁目,False
1811400,cctv,3,142.721902,44.777642,北海道,1514,枝幸町,乙忠部,False
1811410,cctv,3,142.122166,45.361691,北海道,1511,猿払村,知来別,False
1811420,cctv,3,141.862347,45.437105,北海道,1214,稚内市,大字宗谷村,False
1811430,cctv,3,143.017708,44.405002,北海道,1561,興部町,字宇津,False
1811440,cctv,3,142.7831861,44.3159919,北海道,1468,下川町,一の橋,False
1811450,cctv,3,142.306788,44.1821852,北海道,1220,士別市,温根別町北静川,False
1811460,cctv,3,142.034387,44.201448,北海道,1483,苫前町,字霧立,False
1811490,cctv,3,144.106479,43.283121,北海道,1206,釧路市,阿寒町飽別五十一線,False
1811500,cctv,3,144.008366,43.458475,北海道,1206,釧路市,−,False
1811520,cctv,3,143.57881,44.162313,北海道,1559,湧別町,北兵村一区,False
1811530,cctv,3,143.561357,44.134015,北海道,1559,湧別町,南兵村二区,False
1811540,cctv,3,143.553741,43.811533,北海道,1208,北見市,留辺蘂町金華,False
1811550,cctv,3,143.623559,43.614803,北海道,1648,陸別町,字小利別,False
1811560,cctv,3,143.426823,42.950446,北海道,1644,池田町,字豊田,False
1811570,cctv,3,143.382799,42.9192,北海道,1643,幕別町,字明野,False
1811580,cctv,3,144.260814,43.651682,北海道,1665,弟子屈町,−,False
1811590,cctv,3,144.542778,43.482222,北海道,1665,弟子屈町,字弟子屈,False
1811600,cctv,3,144.740463,43.415912,北海道,1691,別海町,西春別,False
1811610,cctv,3,144.326697,43.966145,北海道,1211,網走市,字藻琴,False
1811620,cctv,3,144.542023,43.910123,北海道,1547,小清水町,字止別,False
1811630,cctv,3,144.736391,43.888827,北海道,1545,斜里町,字越川,False
1811640,cctv,3,144.960789,43.731795,北海道,1693,標津町,字川北,False
1811650,cctv,3,145.112266,43.694357,北海道,1693,標津町,字忠類,False
1811660,cctv,3,145.283748,43.376873,北海道,1691,別海町,本別海,False
1811670,cctv,3,144.69552,43.225599,北海道,1664,標茶町,字中チャンベツ原野,False
1811680,cctv,3,144.866826,43.384169,北海道,1691,別海町,上春別,False
1811690,cctv,3,145.077277,43.609854,北海道,1693,標津町,字標津,False
1811700,cctv,3,143.261308,43.353586,北海道,1633,上士幌町,字黒石平,False
1811710,cctv,3,143.120781,43.571286,北海道,1633,上士幌町,字三股,False
1811730,cctv,3,142.9734851,43.909246,北海道,1457,上川町,字上越,False
1811740,cctv,3,142.9458027,43.9388163,北海道,1560,滝上町,五区,False
1811750,cctv,3,141.609539,42.989464,北海道,1428,長沼町,西八線南,False
1811760,cctv,3,141.76061,42.942695,北海道,1224,千歳市,新川,False
1811770,cctv,3,141.802672,42.950353,北海道,1427,由仁町,三川緑町,False
1811780,cctv,3,141.966963,42.913252,北海道,1209,夕張市,滝ノ上,False
1811790,cctv,3,142.063994,42.928525,北海道,1209,夕張市,紅葉山,False
1811800,cctv,3,142.639811,42.964103,北海道,1601,日高町,字千栄,False
1811810,cctv,3,141.523454,43.182438,北海道,1303,当別町,蕨岱,False
1811830,cctv,3,141.884426,43.546001,北海道,1432,新十津川町,字中央,False
1811840,cctv,3,141.885874,43.71586,北海道,1436,雨竜町,渭の津,False
1811850,cctv,3,141.884179,43.768921,北海道,1437,北竜町,字碧水,False
1811860,cctv,3,141.905599,43.805893,北海道,1438,沼田町,字北竜,False
1811870,cctv,3,142.125632,43.917356,北海道,1228,深川市,鷹泊,False
1811880,cctv,3,142.2534391,44.7411338,北海道,1470,音威子府村,字音威子府,False
1811890,cctv,3,142.284138,44.820303,北海道,1513,中頓別町,字栄,False
1811900,cctv,3,142.315271,45.044884,北海道,1512,浜頓別町,字下頓別,False
1811910,cctv,3,142.363773,45.108202,北海道,1512,浜頓別町,字戸出,False
1811920,cctv,3,140.606197,42.986353,北海道,1401,共和町,南幌似,False
1811930,cctv,3,140.878055,42.880833,北海道,1399,京極町,字春日,False
1811940,cctv,3,140.891961,42.804409,北海道,1398,喜茂別町,字比羅岡,False
1811950,cctv,3,141.013347,42.757739,北海道,1398,喜茂別町,字中里,False
1811980,cctv,3,141.252074,42.719556,北海道,1224,千歳市,美笛,False
1811990,cctv,3,141.402953,42.74221,北海道,1224,千歳市,モラップ,False
1812000,cctv,3,140.052167,42.169556,北海道,1346,八雲町,−,False
1812010,cctv,3,140.856944,41.761944,北海道,1202,函館市,新湊町,False
1812020,cctv,3,140.9975,41.714722,北海道,1202,函館市,泊町,False
1812030,cctv,3,141.092222,41.878889,北海道,1202,函館市,木直町,False
1812040,cctv,3,140.928611,41.956667,北海道,1202,函館市,大船町,False
1812050,cctv,3,140.853611,42.013056,北海道,1343,鹿部町,字大岩,False
1812060,cctv,3,140.813056,42.0425,北海道,1343,鹿部町,字宮浜,False
1812070,cctv,3,140.711389,42.128056,北海道,1345,森町,字砂原六丁目,False
1812080,cctv,3,140.632778,42.118611,北海道,1345,森町,字砂原西一丁目,False
1812090,cctv,3,145.099582,43.89994,北海道,1694,羅臼町,峯浜町,False
1812130,cctv,3,143.231184,42.027786,北海道,1609,えりも町,字庶野,False
1812150,cctv,3,143.324722,42.16205,北海道,1642,広尾町,字ビタタヌンケ,False
1812160,cctv,3,143.31818,42.281815,北海道,1642,広尾町,会所前一丁目,False
1812170,cctv,3,143.321422,42.311675,北海道,1642,広尾町,並木通東四丁目,False
1812180,cctv,3,143.603341,42.684461,北海道,1645,豊頃町,長節,False
1812190,cctv,3,143.616062,42.69525,北海道,1645,豊頃町,大津,False
1812200,cctv,3,143.631419,42.741253,北海道,1649,浦幌町,字養老,False
1812210,cctv,3,141.704289,42.856006,北海道,1224,千歳市,祝梅,False
1812220,cctv,3,141.672998,42.969962,北海道,1428,長沼町,東二線南,False
1812230,cctv,3,141.663755,43.020969,北海道,1428,長沼町,西四線北,False
1812240,cctv,3,141.187805,43.1445,北海道,1203,小樽市,銭函三丁目,False
1812250,cctv,3,144.466438,43.687332,北海道,1665,弟子屈町,−,False
1812260,cctv,3,140.875833,42.991111,北海道,1409,赤井川村,−,False
1812290,cctv,3,142.7027312,43.8525874,北海道,1457,上川町,字越路,False
1812300,cctv,3,141.414894,43.57865,北海道,1235,石狩市,浜益柏木,False
1812310,cctv,3,141.621516,43.548241,北海道,1303,当別町,字青山奥四番川,False
1812320,cctv,3,141.638006,43.542762,北海道,1432,新十津川町,字幌加,False
1812330,cctv,3,141.903362,43.55901,北海道,1225,滝川市,栄町四丁目,False
1812340,cctv,3,142.00991,42.995832,北海道,1209,夕張市,清水沢宮前町,False
1812350,cctv,3,141.346302,42.979904,北海道,1106,札幌市 南区,真駒内柏丘十丁目,False
1812370,cctv,3,141.300884,42.836396,北海道,1231,恵庭市,盤尻,False
1812380,cctv,3,141.327921,42.802553,北海道,1224,千歳市,幌美内,False
2110010,loop,3,140.1455465,37.1105735,福島県,7461,西郷村,大字小田倉,True
2110017,loop,3,140.3483355,37.373381,福島県,7203,郡山市,安積町荒井,False
2110019,loop,3,140.3769493,37.4643163,福島県,7203,郡山市,日和田町高倉,False
2110021,loop,3,140.4677635,37.6068414,福島県,7210,二本松市,油井,False
2110030,loop,3,140.4665726,37.7367753,福島県,7201,福島市,鳥谷野,False
2110040,loop,3,140.4958221,37.8078132,福島県,7201,福島市,瀬上町,False
2110050,loop,3,140.5808128,37.9070128,福島県,7303,国見町,大字貝田,False
2110055,loop,3,140.6498056,38.0411389,宮城県,4301,蔵王町,宮,False
2110060,loop,3,140.8283056,38.0850834,宮城県,4323,柴田町,大字四日市場,False
2110062,loop,3,141.929168,39.659168,岩手県,3202,宮古市,山口,False
2110063,loop,3,141.960134,39.730099,岩手県,3202,宮古市,田老,False
2110065,loop,3,140.8853611,38.1520834,宮城県,4207,名取市,植松,False
2110070,loop,3,140.895,38.2189167,宮城県,4104,仙台市 太白区,郡山五丁目,False
2110081,loop,3,140.883811,38.340207,宮城県,4105,仙台市 泉区,七北田,False
2110090,loop,3,140.982919,38.610008,宮城県,4215,大崎市,古川荒谷,False
2110091,loop,3,141.085674,38.83461,宮城県,4213,栗原市,金成,False
2110092,loop,3,141.117432,38.930416,岩手県,3209,一関市,山目,False
2110093,loop,3,141.1133766,39.0037778,岩手県,3402,平泉町,平泉,False
2110095,loop,3,141.142913,39.166645,岩手県,3215,奥州市,水沢佐倉河,False
2110103,loop,3,141.15759,39.668019,岩手県,3201,盛岡市,津志田,False
2110106,loop,3,141.165401,39.707748,岩手県,3201,盛岡市,加賀野二丁目,False
2110110,loop,3,141.134491,39.758144,岩手県,3201,盛岡市,下厨川,False
2110120,loop,3,141.2695885,40.248612,岩手県,3524,一戸町,鳥越,False
2110121,loop,3,141.2985134,40.335161,岩手県,3213,二戸市,金田一,False
2110129,loop,3,141.260268,40.6080526,青森県,2206,十和田市,大字三本木,False
2110130,loop,3,141.1930946,40.6560816,青森県,2206,十和田市,大字洞内,False
2110132,loop,3,141.1704232,40.6837211,青森県,2402,七戸町,字太田,False
2110140,loop,3,140.8602913,40.8975334,青森県,2201,青森市,大字浅虫,False
2110143,loop,3,141.2168884,39.9468582,岩手県,3303,岩手町,大字江刈内,False
2110144,loop,3,141.1293576,40.8353269,青森県,2408,東北町,字石坂,False
2110150,loop,3,140.7891727,36.857961,福島県,7204,いわき市,勿来町,True
2110160,loop,3,140.8423448,36.9228101,福島県,7204,いわき市,泉町下川,True
2110161,loop,3,140.911907,37.033065,福島県,7204,いわき市,平中山,True
2110162,loop,3,140.9974993,37.1154954,福島県,7204,いわき市,久之浜町田之網,False
2110163,loop,3,141.0086632,37.3852775,福島県,7545,大熊町,大字熊,False
2110165,loop,3,140.9856901,37.6327011,福島県,7212,南相馬市,原町区日の出町,False
2110168,loop,3,140.943249,37.814984,福島県,7209,相馬市,尾浜,False
2110170,loop,3,140.9035528,37.8952097,福島県,7561,新地町,大字福田,False
2110173,loop,3,140.9771016,37.0948184,福島県,7204,いわき市,四倉町上仁井田,False
2110180,loop,3,140.859399,38.064732,宮城県,4361,亘理町,逢隈下郡,False
2110190,loop,1,139.678824,38.6914054,山形県,6203,鶴岡市,三瀬,False
2110191,loop,3,139.8400569,38.9612713,山形県,6204,酒田市,宮海,False
2110192,loop,3,139.8344243,38.7940799,山形県,6426,三川町,大字青山,False
2110193,loop,3,139.8346764,38.7874318,山形県,6426,三川町,大字青山,False
2110194,loop,3,139.6478605,38.6928792,山形県,6203,鶴岡市,小波渡,False
2110195,loop,3,139.5797968,38.6158981,山形県,6203,鶴岡市,温海,False
2110196,loop,3,139.8486963,38.8385482,山形県,6204,酒田市,広野,False
2110197,loop,3,139.7594082,38.7175363,山形県,6203,鶴岡市,中清水,False
2110198,loop,3,139.7565651,38.716222,山形県,6203,鶴岡市,中清水,False
2110199,loop,1,139.5878005,38.6069529,山形県,6203,鶴岡市,大岩川,False
2110201,loop,1,139.623761,38.666421,山形県,6203,鶴岡市,五十川,False
2110202,loop,3,140.0681964,39.6238747,秋田県,5201,秋田市,下浜長浜,False
2110203,loop,3,139.9362623,39.240899,秋田県,5214,にかほ市,前川,False
2110204,loop,3,139.9747431,39.2904909,秋田県,5214,にかほ市,平沢,False
2110205,loop,3,139.876447,39.119129,秋田県,5214,にかほ市,象潟町小砂川,False
2110208,loop,3,140.030682,39.389536,秋田県,5210,由利本荘市,石脇,False
2110210,loop,3,140.0622,39.795399,秋田県,5201,秋田市,下新城中野,False
2110212,loop,3,140.083211,39.718472,秋田県,5201,秋田市,川尻町,False
2110213,loop,3,140.0518185,39.5253994,秋田県,5210,由利本荘市,岩城二古,False
2110214,loop,3,140.076382,39.9049462,秋田県,5211,潟上市,飯田川飯塚,False
2110215,loop,3,140.067721,40.067095,秋田県,5348,三種町,鹿渡,False
2110216,loop,3,140.527806,40.26812,秋田県,5204,大館市,根下戸,False
2110217,loop,3,140.532178,40.273058,秋田県,5204,大館市,根下戸新町,False
2110218,loop,3,140.036139,40.190834,秋田県,5202,能代市,字東大瀬,False
2110219,loop,3,140.280482,40.215318,秋田県,5213,北秋田市,今泉,False
2110220,loop,3,140.039381,40.161855,秋田県,5202,能代市,字塞ノ神,False
2110221,loop,3,140.151831,40.201925,秋田県,5202,能代市,字大台野,False
2110222,loop,3,140.572683,40.30719,秋田県,5204,大館市,釈迦内,False
2110229,loop,3,140.489525,40.230677,秋田県,5204,大館市,大子内,False
2110230,loop,3,140.603544,40.382104,秋田県,5204,大館市,長走,False
2110231,loop,3,140.6358415,40.4611767,青森県,2210,平川市,碇ヶ関,False
2110232,loop,3,140.383267,40.199024,秋田県,5213,北秋田市,脇神,False
2110233,loop,1,139.859806,38.961556,山形県,6204,酒田市,保岡,False
2110234,loop,3,140.5242855,40.5712324,青森県,2202,弘前市,大字堀越,False
2110235,loop,3,140.4995754,40.6026969,青森県,2202,弘前市,大字城東中央五丁目,False
2110236,loop,1,139.856924,39.0085,山形県,6461,遊佐町,比子,False
2110237,loop,1,139.890254,39.050876,山形県,6461,遊佐町,北目,False
2110240,loop,3,140.5083607,40.6575394,青森県,2361,藤崎町,大字藤崎,False
2110249,loop,3,140.6628356,40.8316251,青森県,2201,青森市,大字新城,False
2110250,loop,3,140.5919492,40.7678388,青森県,2201,青森市,浪岡大字大釈迦,False
2110251,loop,3,140.7354641,40.8243807,青森県,2201,青森市,古川二丁目,False
2110252,loop,3,140.697817,40.8022256,青森県,2201,青森市,大字三内,False
2110253,loop,3,140.8104066,40.823647,青森県,2201,青森市,大字桑原,False
2110255,loop,3,140.7349956,40.7973683,青森県,2201,青森市,大字大野,False
2110256,loop,3,140.7490818,40.7954553,青森県,2201,青森市,大字浜田,False
2110258,loop,3,140.4294444,40.2636112,秋田県,5204,大館市,長坂,False
2110260,loop,3,140.4643813,37.7660778,福島県,7201,福島市,−,False
2110270,loop,3,140.2786356,37.822866,福島県,7201,福島市,大笹生,False
2110271,loop,3,140.1500818,37.8965508,山形県,6202,米沢市,万世町桑山,False
2110272,loop,3,140.13487,37.9274975,山形県,6202,米沢市,大字川井,False
2110280,loop,3,140.144949,37.9997137,山形県,6381,高畠町,大字福沢,False
2110290,loop,3,140.241028,38.130222,山形県,6207,上山市,川口,False
2110291,loop,3,140.3001308,38.1598141,山形県,6207,上山市,金谷,False
2110292,loop,3,140.207083,38.102972,山形県,6213,南陽市,元中山,False
2110294,loop,3,140.8648291,37.7676137,福島県,7209,相馬市,山上,False
2110295,loop,3,140.7090153,37.7542389,福島県,7213,伊達市,霊山町石田,False
2110296,loop,3,140.5958156,37.7597832,福島県,7213,伊達市,霊山町下小国,False
2110297,loop,3,140.573819,37.781135,福島県,7213,伊達市,保原町柱田,False
2110298,loop,3,140.530266,37.816692,福島県,7213,伊達市,伏黒,False
2110299,loop,3,140.49615,37.832942,福島県,7301,桑折町,大字松原,False
2110300,loop,1,140.4130094,37.7958217,福島県,7201,福島市,笹谷,False
2110301,loop,3,140.2279023,37.8687825,山形県,6202,米沢市,万世町刈安,False
2110305,loop,3,140.3671432,38.3285783,山形県,6210,天童市,東長岡四丁目,False
2110307,loop,3,140.382831,38.48098,山形県,6208,村山市,中央一丁目,False
2110308,loop,1,140.401333,38.569694,山形県,6341,大石田町,大字今宿,False
2110309,loop,1,140.352222,38.425,山形県,6211,東根市,大字野田,False
2110310,loop,3,140.403707,38.5758164,山形県,6212,尾花沢市,大字五十沢,False
2110311,loop,1,140.3888889,38.5505556,山形県,6208,村山市,大字土生田,False
2110312,loop,3,140.3838155,38.618266,山形県,6212,尾花沢市,大字荻袋,False
2110313,loop,3,140.3212881,38.676632,山形県,6212,尾花沢市,大字毒沢,False
2110314,loop,3,140.308757,38.719939,山形県,6205,新庄市,大字鳥越,False
2110315,loop,3,140.3206605,38.8033717,山形県,6205,新庄市,大字泉田,False
2110316,loop,3,140.290833,38.749472,山形県,6205,新庄市,大字松本,False
2110317,loop,3,140.334806,38.923639,山形県,6361,金山町,大字中田,False
2110318,loop,3,140.3547943,38.9467352,山形県,6361,金山町,大字中田,False
2110319,loop,3,140.4714918,39.0721783,秋田県,5207,湯沢市,桑崎,False
2110320,loop,3,140.486598,39.1125808,秋田県,5207,湯沢市,上関,False
2110321,loop,3,140.4959965,39.1814123,秋田県,5207,湯沢市,杉沢,False
2110322,loop,3,140.4912436,39.1455093,秋田県,5207,湯沢市,愛宕町五丁目,False
2110324,loop,3,140.4131154,39.0466689,秋田県,5207,湯沢市,上院内,False
2110325,loop,1,140.3575,38.463333,山形県,6208,村山市,大字大久保,False
2110326,loop,1,140.370833,38.499444,山形県,6208,村山市,大字名取,False
2110327,loop,3,140.5351192,39.2493166,秋田県,5203,横手市,平鹿町醍醐,False
2110328,loop,3,140.293372,38.780894,山形県,6205,新庄市,十日町,False
2110335,loop,3,140.4982871,39.4546461,秋田県,5212,大仙市,戸蒔,False
2110337,loop,3,140.3349352,39.5655698,秋田県,5212,大仙市,協和峰吉川,False
2110340,loop,3,140.165768,39.667787,秋田県,5201,秋田市,御所野下堤二丁目,False
2110350,loop,3,140.95175,38.2701389,宮城県,4102,仙台市 宮城野区,扇町一丁目,False
2110352,loop,3,141.1867778,38.4254723,宮城県,4214,東松島市,小松,False
2110353,loop,3,141.2090556,38.4329445,宮城県,4214,東松島市,小松,False
2110354,loop,3,141.2525833,38.442,宮城県,4214,東松島市,赤井,False
2110355,loop,3,141.2923889,38.4820278,宮城県,4202,石巻市,鹿又,False
2110357,loop,3,141.2861944,38.5043056,宮城県,4202,石巻市,小船越,False
2110358,loop,3,141.2790556,38.5906389,宮城県,4202,石巻市,桃生町倉埣,False
2110359,loop,3,141.2839722,38.6106667,宮城県,4212,登米市,豊里町土府,False
2110360,loop,3,141.2390278,38.4293334,宮城県,4214,東松島市,赤井,False
2110361,loop,3,141.55625,38.8915556,宮城県,4205,気仙沼市,田中,False
2110362,loop,3,141.2831389,38.6960834,宮城県,4212,登米市,中田町浅水,False
2110363,loop,3,141.2745,38.4565556,宮城県,4202,石巻市,蛇田,False
2110364,loop,3,141.6280556,38.9501111,宮城県,4205,気仙沼市,唐桑町舘,False
2110365,loop,3,141.571364,38.919553,宮城県,4205,気仙沼市,大岩井山,False
2110366,loop,3,141.3101667,38.7111389,宮城県,4212,登米市,東和町米谷,False
2110367,loop,3,141.6974974,39.0265687,岩手県,3203,大船渡市,末崎町,False
2110368,loop,3,141.3930833,38.7021945,宮城県,4606,南三陸町,入谷,False
2110370,loop,3,141.7193842,39.0592167,岩手県,3203,大船渡市,大船渡町,False
2110371,loop,3,141.7034197,39.0740774,岩手県,3203,大船渡市,盛町,False
2110372,loop,3,141.7347157,39.1251956,岩手県,3203,大船渡市,立根町,False
2110373,loop,3,141.7899934,39.1220536,岩手県,3203,大船渡市,三陸町越喜来,False
2110374,loop,3,141.6337144,39.0312193,岩手県,3210,陸前高田市,高田町,False
2110379,loop,3,141.8295097,39.1489356,岩手県,3203,大船渡市,三陸町吉浜,False
2110380,loop,3,141.8836641,39.2966129,岩手県,3211,釜石市,両石町,False
2110381,loop,3,141.4270556,38.6905278,宮城県,4606,南三陸町,志津川,False
2110382,loop,3,141.4960833,38.7054723,宮城県,4606,南三陸町,志津川,False
2110383,loop,3,141.8802524,39.3225128,岩手県,3211,釜石市,鵜住居町,False
2110384,loop,3,141.5580556,38.81825,宮城県,4205,気仙沼市,本吉町寺谷,False
2110387,loop,3,141.940478,39.591933,岩手県,3202,宮古市,金浜,False
2110389,loop,3,141.96138,39.81993,岩手県,3202,宮古市,田老,False
2110392,loop,3,141.96038,39.83627,岩手県,3483,岩泉町,小本,False
2110393,loop,3,141.94008,39.870715,岩手県,3483,岩泉町,小本,False
2110394,loop,3,141.5685833,38.8663889,宮城県,4205,気仙沼市,松崎上赤田,False
2110396,loop,3,141.8457699,39.9335116,岩手県,3484,田野畑村,姫松,False
2110397,loop,3,141.881411,39.99349,岩手県,3485,普代村,第十地割字羅賀,False
2110401,loop,3,141.6224,39.0298917,岩手県,3210,陸前高田市,竹駒町,False
2110402,loop,3,141.7051792,40.414362,岩手県,3507,洋野町,種市,False
2110403,loop,3,141.8413306,39.1580639,岩手県,3203,大船渡市,三陸町吉浜,False
2110404,loop,3,141.5323526,40.5057655,青森県,2203,八戸市,湊高台一丁目,False
2110405,loop,3,141.464128,40.5289004,青森県,2203,八戸市,大字河原木,False
2110407,loop,3,141.5376989,40.4817868,青森県,2203,八戸市,大字妙,False
2110408,loop,3,141.4353933,40.5637365,青森県,2203,八戸市,大字市川町,False
2110409,loop,3,141.8452778,39.2433334,岩手県,3211,釜石市,甲子町,False
2110410,loop,3,141.5806984,40.479491,青森県,2203,八戸市,大字美保野,False
2110412,loop,3,141.324363,40.661628,青森県,2405,六戸町,大字犬落瀬,False
2110413,loop,3,141.304575,40.675139,青森県,2405,六戸町,大字犬落瀬,False
2110414,loop,3,141.0544968,39.6997248,岩手県,3216,滝沢市,大釜中道,False
2110415,loop,3,141.008749,39.6916016,岩手県,3301,雫石町,繋,False
2110416,loop,3,140.8836508,39.7002035,岩手県,3301,雫石町,橋場,False
2110417,loop,3,141.474002,40.471474,青森県,2203,八戸市,大字是川,False
2110418,loop,3,141.8394444,39.2605556,岩手県,3211,釜石市,甲子町,False
2110419,loop,3,141.8633333,39.2883334,岩手県,3211,釜石市,両石町,False
2110421,loop,3,141.9044444,39.3661112,岩手県,3461,大槌町,大槌,False
2110422,loop,3,141.8911806,39.3673167,岩手県,3461,大槌町,大槌,False
2110423,loop,3,141.7800234,40.229211,岩手県,3207,久慈市,夏井町,False
2110424,loop,3,140.551915,39.601276,秋田県,5215,仙北市,角館町小勝田,False
2110428,loop,3,140.787123,38.733224,宮城県,4215,大崎市,鳴子温泉,False
2110432,loop,3,140.598389,38.737556,山形県,6362,最上町,大字堺田,False
2110435,loop,3,140.2831578,38.7413898,山形県,6205,新庄市,大字福田,False
2110436,loop,3,140.259722,38.744167,山形県,6205,新庄市,大字本合海,False
2110437,loop,3,140.168833,38.736639,山形県,6367,戸沢村,大字古口,False
2110438,loop,3,140.2326227,38.7452108,山形県,6205,新庄市,大字升形,False
2110440,loop,3,140.0267226,38.7815524,山形県,6428,庄内町,清川,False
2110445,loop,3,140.793433,38.265025,宮城県,4101,仙台市 青葉区,栗生一丁目,False
2110450,loop,3,140.5672252,38.3919998,山形県,6211,東根市,大字関山,False
2110451,loop,3,139.8869442,38.8776504,山形県,6204,酒田市,新堀,False
2110452,loop,3,139.8723154,38.9015432,山形県,6204,酒田市,大町,False
2110453,loop,3,139.8668909,38.9036806,山形県,6204,酒田市,大町,False
2110454,loop,3,139.886117,38.8736438,山形県,6204,酒田市,新堀,False
2110455,loop,3,140.8516252,37.0629256,福島県,7204,いわき市,好間町中好間,True
2110456,loop,3,139.8908657,38.8515781,山形県,6428,庄内町,余目,False
2110457,loop,3,139.9098858,38.8318434,山形県,6428,庄内町,常万,False
2110460,loop,3,140.7641667,37.11,福島県,7204,いわき市,三和町合戸,True
2110464,loop,3,140.4823494,37.3110621,福島県,7203,郡山市,田村町栃本,False
2110465,loop,3,140.406585,37.3397006,福島県,7203,郡山市,田村町山中,False
2110470,loop,3,140.2463901,37.4945669,福島県,7203,郡山市,熱海町中山,False
2110472,loop,3,139.5936209,37.6508031,福島県,7405,西会津町,宝坂大字宝坂,False
2110473,loop,3,139.9683643,37.5485703,福島県,7202,会津若松市,河東町八田,False
2110474,loop,3,139.8550022,37.5573533,福島県,7421,会津坂下町,大字宮古,False
2110477,loop,3,141.4270141,40.4845832,青森県,2203,八戸市,大字櫛引,False
2110478,loop,3,141.156619,38.526429,宮城県,4501,涌谷町,字花勝山市道添,False
2110479,loop,3,141.069142,38.556163,宮城県,4505,美里町,南小牛田,False
2110480,loop,3,140.982089,38.570337,宮城県,4215,大崎市,古川李埣,False
2110481,loop,3,140.3899339,39.0369239,秋田県,5207,湯沢市,上院内,False
2110482,loop,3,140.5656534,39.3633978,秋田県,5203,横手市,金沢中野,False
2110485,loop,3,140.2816558,38.3395609,山形県,6302,中山町,大字長崎,False
2110488,loop,3,140.032103,38.456647,山形県,6322,西川町,大字砂子関,False
2110491,loop,3,139.9398136,38.5807985,山形県,6203,鶴岡市,田麦俣,False
2110500,loop,3,139.7837305,38.0461732,山形県,6401,小国町,大字朝篠,False
2110501,loop,3,139.72116,38.075359,山形県,6401,小国町,大字小国小坂町,False
2110502,loop,3,140.051715,38.046063,山形県,6382,川西町,大字西大塚,False
2110503,loop,3,140.064483,38.044627,山形県,6382,川西町,大字西大塚,False
2110504,loop,3,140.1366019,38.0451846,山形県,6213,南陽市,萩生田,False
2110510,loop,3,140.1668358,38.0276926,山形県,6381,高畠町,大字深沼,False
2110519,loop,3,141.779387,39.251959,岩手県,3211,釜石市,甲子町,False
2110521,loop,3,141.6356,39.246448,岩手県,3441,住田町,上有住,False
2110531,loop,1,141.4883819,39.3251572,岩手県,3208,遠野市,綾織町新里,False
2110540,loop,1,141.3475227,39.2880771,岩手県,3205,花巻市,東和町田瀬,False
2110541,loop,1,141.2615204,39.3143454,岩手県,3205,花巻市,東和町倉沢,False
2110542,loop,3,141.5516694,39.283375,岩手県,3208,遠野市,上郷町来内,False
2110552,loop,3,141.5025278,38.7599167,宮城県,4205,気仙沼市,本吉町平貝,False
2110553,loop,3,141.54275,38.8071667,宮城県,4205,気仙沼市,本吉町府中,False
2110554,loop,3,141.6241944,38.9634723,宮城県,4205,気仙沼市,唐桑町台の下,False
2110555,loop,3,141.865,39.2113889,岩手県,3211,釜石市,唐丹町,False
2110556,loop,3,141.5846444,38.8781945,宮城県,4205,気仙沼市,松崎北沢,False
2110557,loop,3,141.5180556,38.7897223,宮城県,4205,気仙沼市,本吉町風越,False
2110558,loop,3,141.585833,38.882778,宮城県,4205,気仙沼市,松崎北沢,False
2110559,loop,3,141.6025,38.925278,宮城県,4205,気仙沼市,大峠山,False
2110560,loop,3,141.595,38.8975,宮城県,4205,気仙沼市,大浦,False
2110561,loop,3,141.591944,38.9175,宮城県,4205,気仙沼市,東八幡前,False
2110604,loop,3,141.767278,40.160778,岩手県,3207,久慈市,長内町,False
2112104,loop,3,141.2079815,40.7337839,青森県,2402,七戸町,字野崎揚地北,False
2120001,loop,3,140.5490687,40.750452,青森県,2205,五所川原市,大字前田野目,False
2120005,loop,3,140.4897255,40.7924989,青森県,2205,五所川原市,大字松野木,False
2120010,loop,3,140.4770755,40.8121288,青森県,2205,五所川原市,大字金山,False
2120015,loop,3,140.4413,40.827296,青森県,2205,五所川原市,大字長橋,False
2120020,loop,3,140.261545,40.783807,青森県,2321,鰺ヶ沢町,大字北浮田町,False
2310200,loop,3,140.09793,39.706154,秋田県,5201,秋田市,川尻新川町,False
2312101,loop,3,141.2447759,40.708347,青森県,2408,東北町,大字大浦,False
2312102,loop,3,141.2280435,40.7252334,青森県,2408,東北町,大字大浦,False
2312103,loop,3,140.7514008,37.7753555,福島県,7209,相馬市,東玉野,False
2810010,cctv,3,140.286944,37.180519,福島県,7464,泉崎村,大字踏瀬,True
2810030,cctv,3,140.528175,37.862598,福島県,7301,桑折町,大字谷地,False
2810180,cctv,3,141.115835,38.891668,岩手県,3209,一関市,真柴,False
2810190,cctv,3,141.1175,39.031667,岩手県,3215,奥州市,前沢,False
2810200,cctv,3,141.129544,39.045002,岩手県,3215,奥州市,前沢,False
2810220,cctv,3,141.105556,39.294445,岩手県,3206,北上市,有田町,False
2810230,cctv,3,141.106946,39.344446,岩手県,3206,北上市,飯豊,False
2810240,cctv,3,141.164724,39.651946,岩手県,3201,盛岡市,三本柳,False
2810250,cctv,3,141.19528,39.888889,岩手県,3201,盛岡市,玉山馬場,False
2810270,cctv,3,141.293058,40.272778,岩手県,3213,二戸市,石切所,False
2810280,cctv,3,141.298913,40.414458,青森県,2445,南部町,大字玉掛,False
2810290,cctv,3,141.156692,40.718083,青森県,2402,七戸町,字荒熊内,False
2810300,cctv,3,141.061111,40.907508,青森県,2301,平内町,大字狩場沢,False
2810310,cctv,3,140.839178,40.854722,青森県,2201,青森市,大字矢田,False
2810320,cctv,3,140.802218,36.913897,福島県,7204,いわき市,植田町南町二丁目,True
2810330,cctv,3,140.897874,37.02752,福島県,7204,いわき市,自由ケ丘,True
2810340,cctv,3,140.999315,37.191077,福島県,7541,広野町,大字夕筋,False
2810350,cctv,3,140.937334,37.838317,福島県,7561,新地町,駒ケ嶺,False
2810400,cctv,3,139.923131,39.268479,秋田県,5214,にかほ市,黒川,False
2810430,cctv,3,140.077709,39.976642,秋田県,5363,八郎潟町,真坂,False
2810450,cctv,3,140.449111,40.278639,秋田県,5204,大館市,早口,False
2810460,cctv,3,140.516861,40.275306,秋田県,5204,大館市,餅田,False
2810470,cctv,3,140.578139,40.317917,秋田県,5204,大館市,釈迦内,False
2810480,cctv,3,140.518889,40.577502,青森県,2202,弘前市,大字堀越,False
2810490,cctv,3,140.580013,40.711137,青森県,2201,青森市,浪岡大字浪岡,False
2810580,cctv,3,140.543611,39.260555,秋田県,5203,横手市,外目,False
2810590,cctv,3,140.505,39.441388,秋田県,5212,大仙市,和合,False
2810600,cctv,3,140.380833,39.511388,秋田県,5212,大仙市,北楢岡,False
2810610,cctv,3,140.300833,39.6375,秋田県,5212,大仙市,協和船岡,False
2810620,cctv,3,140.152222,39.673889,秋田県,5201,秋田市,四ツ小屋,False
2810630,cctv,3,140.122194,39.69425,秋田県,5201,秋田市,仁井田二ツ屋一丁目,False
2810960,cctv,3,141.40187,40.263982,岩手県,3506,九戸村,大字江刺家,False
2810970,cctv,3,141.638612,40.445301,青森県,2446,階上町,大字道仏,False
2810980,cctv,3,141.3059,40.303964,岩手県,3213,二戸市,金田一,False
2810990,cctv,3,141.404748,40.603613,青森県,2412,おいらせ町,染屋,False
2811030,cctv,3,140.57135,39.608922,秋田県,5215,仙北市,田沢湖小松,False
2811140,cctv,3,140.879088,37.031291,福島県,7204,いわき市,平上荒川,True
2811160,cctv,3,140.62122,37.192829,福島県,7204,いわき市,三和町上三坂,True
3110010,loop,3,139.7049058,35.5855026,東京都,13111,大田区,南馬込五丁目,True
3110020,loop,3,139.509906,35.379389,神奈川県,14110,横浜市 戸塚区,原宿三丁目,True
3110040,loop,3,139.123519,35.240855,神奈川県,14206,小田原市,入生田,True
3110050,loop,3,139.8048878,36.2384583,栃木県,9208,小山市,大字東野田,True
3110060,loop,3,139.9177551,36.5121714,栃木県,9201,宇都宮市,下栗町,True
3110070,loop,3,139.9495983,36.833367,栃木県,9211,矢板市,山田,True
3110080,loop,3,139.7863913,36.2967611,栃木県,9208,小山市,神鳥谷四丁目,True
3110090,loop,3,139.8798609,36.5241738,栃木県,9201,宇都宮市,上横田町,True
3110100,loop,3,139.9295837,36.585293,栃木県,9201,宇都宮市,平出工業団地,True
3110110,loop,3,140.1592679,36.019402,茨城県,8203,土浦市,荒川沖,True
3110120,loop,3,140.4228446,36.2973274,茨城県,8302,茨城町,大字小鶴,True
3110140,loop,3,139.8786539,35.7027488,東京都,13123,江戸川区,西一之江二丁目,True
3110150,loop,3,140.0975838,35.6190266,千葉県,12106,千葉市 美浜区,幸町二丁目,True
3110160,loop,3,139.7273263,35.564747,東京都,13111,大田区,東蒲田一丁目,True
3110170,loop,3,139.70328,35.52794,神奈川県,14131,川崎市 川崎区,東田町,True
3110180,loop,3,139.638693,35.479032,神奈川県,14102,横浜市 神奈川区,新町,True
3110190,loop,3,139.685375,35.267314,神奈川県,14201,横須賀市,三春町二丁目,True
3110200,loop,3,139.629686,35.360711,神奈川県,14108,横浜市 金沢区,富岡東六丁目,True
3110220,loop,3,139.3426681,35.5889403,神奈川県,14151,相模原市 緑区,西橋本一丁目,True
3110230,loop,3,139.527129,35.483485,神奈川県,14112,横浜市 旭区,今宿西町,True
3110240,loop,3,139.3800849,35.8307357,埼玉県,11225,入間市,高倉五丁目,True
3110250,loop,3,140.1198261,35.7077986,千葉県,12102,千葉市 花見川区,横戸町,True
3110260,loop,3,140.0927666,35.5305783,千葉県,12219,市原市,五井海岸,True
3110270,loop,3,139.6854329,35.7924013,東京都,13119,板橋区,舟渡一丁目,True
3110280,loop,3,139.6481824,35.8030569,埼玉県,11224,戸田市,早瀬一丁目,True
3110290,loop,3,139.4990623,36.072434,埼玉県,11217,鴻巣市,箕田,True
3110300,loop,3,139.3083894,36.1885464,埼玉県,11218,深谷市,幡羅町一丁目,True
3110310,loop,3,139.0870374,36.2822543,群馬県,10209,藤岡市,立石,True
3110320,loop,3,139.0125096,36.3553184,群馬県,10202,高崎市,浜尻町,True
3110350,loop,3,138.5572287,36.3431731,長野県,20321,軽井沢町,大字追分,True
3110360,loop,3,138.2764444,36.3771543,長野県,20203,上田市,国分,False
3110370,loop,3,138.2215959,36.6491958,長野県,20201,長野市,西和田一丁目,False
3110380,loop,3,137.9629773,36.2064663,長野県,20202,松本市,芳野,False
3110390,loop,3,137.9675826,36.53867,長野県,20201,長野市,信州新町日原西,False
3110400,loop,3,139.5943344,35.66909,東京都,13112,世田谷区,北烏山九丁目,True
3110410,loop,3,139.1855389,35.6175526,神奈川県,14151,相模原市 緑区,与瀬,True
3110420,loop,3,138.9628673,35.6112204,山梨県,19206,大月市,駒橋三丁目,True
3110430,loop,3,138.8040242,35.6039663,山梨県,19206,大月市,笹子町黒野田,True
3110440,loop,3,138.5078037,35.6678262,山梨県,19210,甲斐市,竜王,True
3110450,loop,3,138.2345215,35.9077705,長野県,20362,富士見町,富士見,False
3110460,loop,3,138.0938691,36.0705565,長野県,20361,下諏訪町,−,False
3110470,loop,3,139.2290443,36.3783182,群馬県,10204,伊勢崎市,西久保町二丁目,True
3110480,loop,3,139.4271684,36.3147016,栃木県,9202,足利市,西新井町,True
3110490,loop,3,140.2677888,36.3924271,茨城県,8216,笠間市,笠間,True
3110520,loop,3,140.6007609,35.9580324,茨城県,8223,潮来市,洲崎,True
3110550,loop,3,139.829981,35.150913,千葉県,12463,鋸南町,元名,True
3110560,loop,3,138.8401938,35.4354371,山梨県,19425,山中湖村,山中,True
3110570,loop,3,138.863368,35.3911754,山梨県,19425,山中湖村,平野,True
3110580,loop,3,138.6703992,35.477901,山梨県,19429,鳴沢村,−,True
3110590,loop,3,138.8383967,35.5189289,山梨県,19423,西桂町,小沼,True
3110610,loop,3,139.510691,35.536946,神奈川県,14117,横浜市 青葉区,田奈町,True
3110620,loop,3,139.412266,35.472892,神奈川県,14216,座間市,西栗原二丁目,True
3110630,loop,3,139.351511,35.427587,神奈川県,14212,厚木市,船子,True
3110640,loop,3,139.203293,35.37445,神奈川県,14211,秦野市,平沢,True
3110650,loop,3,139.014722,35.360875,神奈川県,14364,山北町,川西,True
3110660,loop,3,139.992342,35.683967,千葉県,12204,船橋市,浜町二丁目,True
3110670,loop,3,139.7548217,35.588443,東京都,13111,大田区,東海一丁目,True
3110980,loop,1,138.4463891,36.2488894,長野県,20217,佐久市,今井,True
3110990,loop,1,138.4374556,36.2425889,長野県,20217,佐久市,伴野,True
3111000,loop,1,138.4372861,36.2248639,長野県,20217,佐久市,小宮山,True
3111010,loop,1,138.4688,36.1683973,長野県,20309,佐久穂町,大字高野町,True
3111030,loop,1,138.4676028,36.1462945,長野県,20309,佐久穂町,大字畑,True
3111040,loop,1,138.4613806,36.1364445,長野県,20309,佐久穂町,大字畑,True
3111050,loop,1,138.453937,35.443037,山梨県,19365,身延町,一色,True
3111060,loop,1,138.458949,35.481005,山梨県,19346,市川三郷町,鴨狩津向,True
3111070,loop,1,138.456636,35.359611,山梨県,19365,身延町,角打,True
3111080,loop,1,138.45119,35.337913,山梨県,19365,身延町,大島,True
3111090,loop,1,138.444487,35.277785,山梨県,19366,南部町,塩沢,True
3310680,loop,3,139.695301,35.553462,神奈川県,14132,川崎市 幸区,古市場,True
3310690,loop,3,139.611304,35.476498,神奈川県,14102,横浜市 神奈川区,三ツ沢中町,True
3310720,loop,3,139.8030451,35.7817268,東京都,13121,足立区,島根二丁目,True
3310730,loop,3,139.819876,35.723854,東京都,13107,墨田区,東向島五丁目,True
3310740,loop,3,139.8620188,35.7617383,東京都,13122,葛飾区,新宿四丁目,True
3310750,loop,3,139.8831359,35.7680803,千葉県,12207,松戸市,上矢切,True
3310760,loop,3,140.487226,36.333593,茨城県,8201,水戸市,けやき台三丁目,True
3310770,loop,3,139.8301488,35.6968677,東京都,13108,江東区,亀戸六丁目,True
3310780,loop,3,139.7165117,35.5505134,東京都,13111,大田区,東六郷二丁目,True
3310790,loop,3,139.624807,35.306161,神奈川県,14201,横須賀市,追浜町一丁目,True
3310810,loop,3,139.9657318,35.881429,千葉県,12217,柏市,十余二,True
3310820,loop,3,139.7015664,35.7697234,東京都,13119,板橋区,蓮沼町,True
3310830,loop,3,139.0205401,36.6561678,群馬県,10206,沼田市,恩田町,True
3310840,loop,3,139.6194506,35.6711579,東京都,13112,世田谷区,上北沢五丁目,True
3310850,loop,3,138.6173022,35.6448295,山梨県,19201,甲府市,向町,True
3310860,loop,3,138.2880181,35.8559745,山梨県,19209,北杜市,白州町上教来石,False
3310880,loop,3,138.474952,35.5808258,山梨県,19208,南アルプス市,宮沢,True
3310890,loop,3,139.6414769,35.6258247,東京都,13112,世田谷区,用賀二丁目,True
3310900,loop,3,139.613062,35.607644,神奈川県,14134,川崎市 高津区,溝口六丁目,True
3310910,loop,3,139.141352,35.349108,神奈川県,14363,松田町,松田惣領,True
3310920,loop,3,139.6969986,35.7488807,東京都,13119,板橋区,大山町,True
3310930,loop,3,139.6835902,35.757753,東京都,13119,板橋区,南常盤台二丁目,True
3310940,loop,3,140.0442401,35.6538202,千葉県,12106,千葉市 美浜区,中瀬一丁目,True
3310950,loop,3,139.9005461,35.64816,千葉県,12227,浦安市,富岡一丁目,True
3310960,loop,3,139.8238456,35.6467214,東京都,13108,江東区,新木場一丁目,True
3810010,cctv,3,139.112514,35.232222,神奈川県,14382,箱根町,湯本,True
3810040,cctv,3,139.182925,35.264508,神奈川県,14206,小田原市,西酒匂一丁目,True
3810050,cctv,3,139.7774917,35.711589,東京都,13106,台東区,東上野三丁目,True
3810060,cctv,3,139.788331,35.7252611,東京都,13106,台東区,竜泉二丁目,True
3810061,cctv,3,139.7891812,35.7272422,東京都,13106,台東区,下谷三丁目,True
3810070,cctv,3,139.7953435,35.7350558,東京都,13118,荒川区,南千住五丁目,True
3810080,cctv,3,139.7972707,35.7389629,東京都,13118,荒川区,南千住七丁目,True
3810100,cctv,3,139.883611,36.539722,栃木県,9201,宇都宮市,西原町,True
3810110,cctv,3,139.999722,36.916944,栃木県,9213,那須塩原市,東遅沢,True
3810140,cctv,3,139.793529,35.990052,埼玉県,11214,春日部市,下柳,True
3810151,cctv,3,139.770041,36.079848,埼玉県,11240,幸手市,大字上宇和田,True
3810160,cctv,3,139.779444,36.1675,茨城県,8204,古河市,柳橋,True
3810180,cctv,3,139.841547,36.296506,茨城県,8207,結城市,大字小田林,True
3810200,cctv,3,139.941692,36.571747,栃木県,9201,宇都宮市,平出町,True
3810210,cctv,3,139.7842002,35.6945585,東京都,13102,中央区,日本橋馬喰町一丁目,True
3810220,cctv,3,139.8319777,35.7341629,東京都,13122,葛飾区,四つ木三丁目,True
3810230,cctv,3,139.8335923,35.7353199,東京都,13122,葛飾区,四つ木四丁目,True
3810260,cctv,3,139.939917,35.837966,千葉県,12220,流山市,前ケ崎,True
3810280,cctv,3,140.059167,35.895306,茨城県,8217,取手市,新町一丁目,True
3810290,cctv,3,140.179269,36.068114,茨城県,8203,土浦市,中高津三丁目,True
3810300,cctv,3,140.177747,36.078239,茨城県,8203,土浦市,上高津,True
3810320,cctv,3,140.500661,36.378875,茨城県,8201,水戸市,若宮町,True
3810330,cctv,3,140.701006,36.655972,茨城県,8202,日立市,川尻町四丁目,True
3810340,cctv,3,140.752922,36.794736,茨城県,8215,北茨城市,磯原町磯原,True
3810350,cctv,3,140.111775,35.926453,茨城県,8217,取手市,藤代,True
3810360,cctv,3,139.7899105,35.6940409,東京都,13107,墨田区,両国一丁目,True
3810370,cctv,3,139.8662578,35.7028674,東京都,13123,江戸川区,東小松川一丁目,True
3810380,cctv,3,140.088076,35.628891,千葉県,12106,千葉市 美浜区,稲毛海岸一丁目,True
3810390,cctv,3,139.7379768,35.623491,東京都,13109,品川区,北品川四丁目,True
3810400,cctv,3,139.698397,35.2639,神奈川県,14201,横須賀市,馬堀海岸一丁目,True
3810410,cctv,3,139.340292,35.623049,東京都,13201,八王子市,片倉町,True
3810420,cctv,3,139.331954,35.67571,東京都,13201,八王子市,中野山王二丁目,True
3810431,cctv,3,139.336731,35.775944,東京都,13303,瑞穂町,箱根ケ崎東松原,True
3810440,cctv,3,139.380426,35.829331,埼玉県,11225,入間市,扇町屋三丁目,True
3810460,cctv,3,139.534764,35.912896,埼玉県,11201,川越市,大字古谷上,True
3810470,cctv,3,139.591065,35.927496,埼玉県,11101,さいたま市 西区,宮前町,True
3810490,cctv,3,139.820467,35.99246,千葉県,12208,野田市,東金野井,True
3810500,cctv,3,139.685717,35.7937686,東京都,13119,板橋区,舟渡二丁目,True
3810510,cctv,3,139.680963,35.821062,埼玉県,11223,蕨市,中央五丁目,True
3810520,cctv,3,139.594106,35.976326,埼玉県,11219,上尾市,本町一丁目,True
3810540,cctv,3,139.2134,36.230692,埼玉県,11211,本庄市,鵜森,True
3810560,cctv,3,139.02725,36.311139,群馬県,10202,高崎市,下之城町,True
3810600,cctv,3,138.968889,36.682056,群馬県,10449,みなかみ町,羽場,True
3810610,cctv,3,139.625615,35.848037,埼玉県,11106,さいたま市 桜区,田島四丁目,True
3810620,cctv,3,139.626759,35.844443,埼玉県,11106,さいたま市 桜区,田島五丁目,True
3810670,cctv,3,139.215067,36.353303,群馬県,10204,伊勢崎市,三和町,True
3810710,cctv,3,138.5235,36.3325,長野県,20323,御代田町,大字御代田,True
3810720,cctv,3,138.150722,36.494389,長野県,20218,千曲市,大字戸倉,False
3810740,cctv,3,138.23375,36.654925,長野県,20201,長野市,大字北尾張部,False
3810750,cctv,3,138.26925,36.695139,長野県,20201,長野市,大字赤沼,False
3810760,cctv,3,138.298306,36.717694,長野県,20201,長野市,豊野町浅野,False
3810770,cctv,3,138.212264,36.750322,長野県,20590,飯綱町,大字古町,False
3810780,cctv,3,138.219778,36.792972,長野県,20583,信濃町,大字古間,False
3810790,cctv,3,138.204417,36.406417,長野県,20203,上田市,小泉,False
3810800,cctv,3,138.192306,36.820444,長野県,20583,信濃町,大字柏原,False
3810810,cctv,3,138.205542,36.836889,長野県,20583,信濃町,大字野尻,False
3810820,cctv,3,138.094389,36.513833,長野県,20218,千曲市,大字八幡,False
3810821,cctv,3,138.096722,36.527861,長野県,20218,千曲市,大字稲荷山,False
3810830,cctv,3,137.9565,36.235861,長野県,20202,松本市,渚一丁目,False
3810840,cctv,3,137.925722,36.383139,長野県,20220,安曇野市,明科南陸郷,False
3810850,cctv,3,137.946275,36.462386,長野県,20448,生坂村,−,False
3810860,cctv,3,138.050889,36.588472,長野県,20201,長野市,信更町涌池,False
3810870,cctv,3,138.085167,36.614694,長野県,20201,長野市,七二会,False
3810880,cctv,3,138.086528,36.615111,長野県,20201,長野市,七二会,False
3810900,cctv,3,138.153194,36.628083,長野県,20201,長野市,安茂里小市一丁目,False
3810910,cctv,3,138.181972,36.646264,長野県,20201,長野市,大字中御所,False
3810920,cctv,3,138.193972,36.648972,長野県,20201,長野市,大字鶴賀,False
3810930,cctv,3,138.133611,36.616944,長野県,20201,長野市,篠ノ井小松原,False
3810950,cctv,3,139.6638412,35.6731884,東京都,13113,渋谷区,笹塚一丁目,True
3810970,cctv,3,139.240054,35.617267,東京都,13201,八王子市,南浅川町,True
3810980,cctv,3,139.1275,35.62,山梨県,19212,上野原市,上野原,True
3811030,cctv,3,138.636389,35.643889,山梨県,19211,笛吹市,石和町四日市場,True
3811050,cctv,3,138.227361,35.915417,長野県,20362,富士見町,富士見,False
3811060,cctv,3,138.197875,35.940286,長野県,20214,茅野市,金沢,False
3811070,cctv,3,138.1255,36.02975,長野県,20206,諏訪市,大字四賀,False
3811080,cctv,3,138.037889,36.077694,長野県,20204,岡谷市,−,False
3811090,cctv,3,137.959472,36.121917,長野県,20215,塩尻市,大字広丘高出,False
3811100,cctv,3,138.163333,35.976944,長野県,20214,茅野市,宮川,False
3811110,cctv,3,138.064083,36.086833,長野県,20204,岡谷市,長地梨久保二丁目,False
3811121,cctv,3,139.28402,35.631685,東京都,13201,八王子市,館町,True
3811130,cctv,3,138.139278,35.995111,長野県,20214,茅野市,宮川,False
3811220,cctv,3,140.602286,35.959128,茨城県,8223,潮来市,−,True
3811230,cctv,3,140.602514,35.957697,茨城県,8223,潮来市,洲崎,True
3811240,cctv,3,138.520986,35.200928,山梨県,19366,南部町,万沢,True
3811250,cctv,3,138.442011,35.3125,山梨県,19366,南部町,中野,True
3811270,cctv,3,138.450278,35.531667,山梨県,19368,富士川町,鰍沢,True
3811290,cctv,3,139.833306,35.041444,千葉県,12234,南房総市,富浦町原岡,True
3811300,cctv,3,139.819,35.157361,千葉県,12226,富津市,金谷,True
3811330,cctv,3,138.885556,35.538889,山梨県,19204,都留市,十日市場,True
3811340,cctv,3,138.940833,35.603056,山梨県,19204,都留市,田野倉,True
3811350,cctv,3,139.627538,35.615694,東京都,13112,世田谷区,玉川四丁目,True
3811360,cctv,3,139.460986,35.485525,神奈川県,14213,大和市,深見西八丁目,True
3811370,cctv,3,139.075042,35.358575,神奈川県,14364,山北町,山北,True
3811390,cctv,3,139.8548603,35.6468674,東京都,13123,江戸川区,臨海町六丁目,True
3811401,cctv,3,139.8373915,35.6479227,東京都,13108,江東区,新木場一丁目,True
3811410,cctv,3,139.7851086,35.6321086,東京都,13108,江東区,有明三丁目,True
3811411,cctv,3,139.7863724,35.6319311,東京都,13108,江東区,有明三丁目,True
3811420,cctv,3,139.7566655,35.5787371,東京都,13111,大田区,東海三丁目,True
3811421,cctv,3,139.7591844,35.5737157,東京都,13111,大田区,京浜島三丁目,True
3811430,cctv,3,140.103045,35.613827,千葉県,12101,千葉市 中央区,登戸三丁目,True
3811440,cctv,3,139.7473667,35.6071265,東京都,13109,品川区,東品川四丁目,True
4110010,loop,3,139.139722,37.932215,新潟県,15102,新潟市 東区,一日市,False
4110020,loop,3,139.354741,37.961006,新潟県,15206,新発田市,島潟,False
4110030,loop,3,139.550276,38.540634,新潟県,15212,村上市,中浜,False
4110040,loop,3,139.068639,37.899934,新潟県,15103,新潟市 中央区,紫竹山二丁目,False
4110060,loop,3,138.8938299,37.564155,新潟県,15211,見附市,坂井町,False
4110070,loop,3,138.768281,37.448895,新潟県,15202,長岡市,関原町一丁目,False
4110090,loop,3,137.642048,36.97923,新潟県,15216,糸魚川市,大字市振,False
4110110,loop,3,137.3387361,36.7371474,富山県,16322,上市町,竹鼻,False
4110120,loop,3,137.1063924,36.7429594,富山県,16211,射水市,稲積,False
4110130,loop,3,137.0465469,36.7598856,富山県,16202,高岡市,石瀬,False
4110140,loop,3,136.8260425,36.6765251,富山県,16209,小矢部市,安楽寺,False
4110150,loop,3,136.6271782,36.5890469,石川県,17201,金沢市,北町,False
4110160,loop,3,136.420834,36.332728,石川県,17203,小松市,二ツ梨町,False
4110180,loop,3,138.5718066,37.355682,新潟県,15205,柏崎市,半田一丁目,False
4110190,loop,3,138.8016209,36.7853453,新潟県,15461,湯沢町,大字三国,True
4110200,loop,3,138.8725331,37.0592912,新潟県,15226,南魚沼市,六日町,True
4110210,loop,3,138.8344324,37.3793056,新潟県,15202,長岡市,十日町,False
4110220,loop,3,138.194944,36.859512,新潟県,15217,妙高市,大字関川,False
4110230,loop,3,137.2042608,36.5927769,富山県,16201,富山市,上大久保,False
4110240,loop,3,137.2119749,36.6854304,富山県,16201,富山市,星井町一丁目,False
4110250,loop,3,139.47592,37.66099,新潟県,15385,阿賀町,天満,False
4110260,loop,3,139.576978,38.081379,新潟県,15581,関川村,大字上関,False
4110270,loop,3,138.798415,37.602221,新潟県,15202,長岡市,寺泊五分一,False
4110280,loop,3,136.963672,36.6506118,富山県,16208,砺波市,中村,False
4110290,loop,3,136.587868,36.521242,石川県,17210,白山市,長竹町,False
4110300,loop,3,136.685666,36.590434,石川県,17201,金沢市,小坂町,False
4110310,loop,3,137.047738,37.046499,石川県,17202,七尾市,庵町,False
4110320,loop,3,136.96136,36.8686864,富山県,16205,氷見市,加納,False
4110330,loop,3,136.9442582,36.8331351,富山県,16205,氷見市,中谷内,False
4110340,loop,3,136.9658715,36.7596922,富山県,16202,高岡市,国吉,False
4110350,loop,3,136.905469,37.24065,石川県,17461,穴水町,字川島,False
4110351,loop,3,136.9066,37.310004,石川県,17204,輪島市,三井町長沢,False
4110371,loop,3,139.20906,37.82937,新潟県,15223,阿賀野市,月崎,False
4110380,loop,3,139.333641,37.731643,新潟県,15385,阿賀町,取上,False
4110390,loop,3,139.38248,37.699376,新潟県,15385,阿賀町,黒岩,False
4110400,loop,3,137.026061,37.012781,石川県,17202,七尾市,麻生町,False
4110410,loop,3,136.486002,36.382381,石川県,17203,小松市,花坂町,False
4110430,loop,3,136.967459,37.017267,石川県,17202,七尾市,千野町,False
4110440,loop,3,136.9558319,36.8000126,富山県,16205,氷見市,神代,False
4110450,loop,3,136.9757259,36.8816803,富山県,16205,氷見市,稲積,False
4110460,loop,3,137.0132339,36.9308344,富山県,16205,氷見市,姿,False
4110470,loop,3,137.4189931,36.8439997,富山県,16204,魚津市,仏田,False
4110480,loop,3,139.0265521,37.7661015,新潟県,15106,新潟市 南区,白根ノ内七軒,False
4110490,loop,3,139.0261587,37.772568,新潟県,15106,新潟市 南区,七軒,False
4110880,loop,3,138.223379,37.159443,新潟県,15222,上越市,国府三丁目,False
4160390,loop,1,139.522026,38.268866,新潟県,15212,村上市,岩沢,False
4310010,loop,3,139.07252,37.90111,新潟県,15103,新潟市 中央区,紫竹山三丁目,False
4310012,loop,3,139.058415,37.921629,新潟県,15103,新潟市 中央区,万代三丁目,False
4310014,loop,3,139.11685,37.917196,新潟県,15102,新潟市 東区,逢谷内,False
4310020,loop,3,139.2601579,37.9699056,新潟県,15307,聖籠町,大字蓮野,False
4310030,loop,3,139.290365,37.9596264,新潟県,15307,聖籠町,大字三賀,False
4310060,loop,3,139.017016,37.855369,新潟県,15107,新潟市 西区,善久,False
4310070,loop,3,138.30873,37.213535,新潟県,15222,上越市,大潟区渋柿浜,False
4310080,loop,3,138.228132,37.159573,新潟県,15222,上越市,国府四丁目,False
4310090,loop,3,138.031711,37.119068,新潟県,15216,糸魚川市,大字藤崎,False
4310100,loop,3,137.853387,37.045488,新潟県,15216,糸魚川市,横町一丁目,False
4310110,loop,3,137.905522,37.055192,新潟県,15216,糸魚川市,大字田伏,False
4310120,loop,3,137.53465,36.9455361,富山県,16342,入善町,古黒部,False
4310130,loop,3,137.3953897,36.7799783,富山県,16206,滑川市,大島,False
4310160,loop,3,136.8985641,36.6900247,富山県,16209,小矢部市,岡,False
4310170,loop,3,137.4845517,36.9274159,富山県,16342,入善町,青木,False
4310190,loop,3,136.7302394,36.6861403,石川県,17361,津幡町,字加茂,False
4310200,loop,3,136.7232978,36.6832494,石川県,17361,津幡町,字舟橋,False
4310210,loop,3,136.5982425,36.5628414,石川県,17201,金沢市,神野町,False
4310220,loop,3,136.550432,36.5045,石川県,17210,白山市,宮丸町,False
4310230,loop,3,136.483165,36.4239156,石川県,17203,小松市,一針町,False
4310250,loop,3,136.2915319,36.278544,石川県,17206,加賀市,熊坂町,False
4310270,loop,3,138.8724017,37.0722312,新潟県,15226,南魚沼市,余川,True
4310280,loop,3,138.219789,36.93595,新潟県,15217,妙高市,大字関山,False
4310300,loop,3,138.266363,37.135361,新潟県,15222,上越市,大字大日,False
4310310,loop,3,137.2416294,36.4692122,富山県,16201,富山市,猪谷,False
4310320,loop,3,137.2282451,36.5119645,富山県,16201,富山市,庵谷,False
4310330,loop,3,137.209239,36.636593,富山県,16201,富山市,小中,False
4310350,loop,3,139.114645,37.858683,新潟県,15104,新潟市 江南区,城所,False
4310360,loop,3,138.637808,37.445967,新潟県,15504,刈羽村,大字滝谷新田,False
4310370,loop,3,138.8757271,37.6597824,新潟県,15213,燕市,下粟生津,False
4310380,loop,3,138.90062,37.75046,新潟県,15108,新潟市 西蒲区,赤鏥,False
4310390,loop,3,138.931687,37.837313,新潟県,15107,新潟市 西区,田島,False
4310400,loop,3,137.0083094,36.5543355,富山県,16208,砺波市,庄川町小牧,False
4310410,loop,3,136.8892354,36.9561206,石川県,17407,中能登町,久江,False
4310411,loop,3,136.844019,36.921712,石川県,17207,羽咋市,酒井町,False
4310420,loop,3,136.7629731,36.8105732,石川県,17386,宝達志水町,上田出,False
4310430,loop,3,136.7214257,36.6888977,石川県,17361,津幡町,字加茂,False
4310440,loop,3,136.7029238,36.6264937,石川県,17201,金沢市,梅田町,False
4310441,loop,3,136.700048,36.601825,石川県,17201,金沢市,月浦町,False
4310450,loop,3,136.686305,36.57428,石川県,17201,金沢市,御所町,False
4310460,loop,3,137.048108,36.9580882,富山県,16205,氷見市,脇,False
4310470,loop,3,137.0001501,36.7795537,富山県,16202,高岡市,東海老坂,False
4810010,cctv,3,139.134722,37.93,新潟県,15102,新潟市 東区,一日市,False
4810020,cctv,3,139.213611,37.952781,新潟県,15101,新潟市 北区,木崎,False
4810040,cctv,3,139.3275,37.963056,新潟県,15206,新発田市,中田町一丁目,False
4810060,cctv,3,139.501792,38.255036,新潟県,15212,村上市,小川,False
4810070,cctv,3,139.521444,38.282,新潟県,15212,村上市,猿沢,False
4810080,cctv,3,139.556342,38.374925,新潟県,15212,村上市,大須戸,False
4810090,cctv,3,138.881569,37.535167,新潟県,15202,長岡市,中之島,False
4810100,cctv,3,138.880583,37.473639,新潟県,15202,長岡市,亀貝町,False
4810110,cctv,3,138.856414,37.459033,新潟県,15202,長岡市,長町二丁目,False
4810120,cctv,3,138.845592,37.462169,新潟県,15202,長岡市,寺島町,False
4810130,cctv,3,138.785889,37.444453,新潟県,15202,長岡市,大字日越,False
4810140,cctv,3,138.740364,37.440694,新潟県,15202,長岡市,宮本東方町,False
4810150,cctv,3,138.674192,37.412294,新潟県,15205,柏崎市,大字小黒須,False
4810160,cctv,3,138.343486,37.238969,新潟県,15222,上越市,大潟区雁子浜,False
4810170,cctv,3,138.272953,37.1869,新潟県,15222,上越市,頸城区西福島,False
4810180,cctv,3,138.266805,37.175433,新潟県,15222,上越市,佐内町,False
4810190,cctv,3,138.247561,37.162353,新潟県,15222,上越市,下門前,False
4810200,cctv,3,137.990565,37.105891,新潟県,15216,糸魚川市,大字能生,False
4810210,cctv,3,137.96033,37.087956,新潟県,15216,糸魚川市,大字鬼伏,False
4810220,cctv,3,137.905455,37.057208,新潟県,15216,糸魚川市,大字田伏,False
4810230,cctv,3,137.885459,37.050899,新潟県,15216,糸魚川市,大字竹ケ花,False
4810250,cctv,3,137.890368,37.050932,新潟県,15216,糸魚川市,大字大和川,False
4810260,cctv,3,138.808078,36.985619,新潟県,15226,南魚沼市,関,True
4810270,cctv,3,138.916575,37.248581,新潟県,15225,魚沼市,和長島,False
4810280,cctv,3,138.942139,37.170361,新潟県,15226,南魚沼市,茗荷沢,True
4810290,cctv,3,138.265595,37.076837,新潟県,15222,上越市,大字島田,False
4810300,cctv,3,139.536806,37.663611,新潟県,15385,阿賀町,八木山,False
4810310,cctv,3,139.147778,37.840556,新潟県,15104,新潟市 江南区,木津,False
4810330,cctv,3,139.070722,37.897806,新潟県,15103,新潟市 中央区,紫竹山四丁目,False
4810340,cctv,3,138.734306,37.563464,新潟県,15405,出雲崎町,大字大寺,False
4810350,cctv,3,138.825033,37.617578,新潟県,15202,長岡市,寺泊敦ケ曽根,False
4810360,cctv,3,138.885919,37.690358,新潟県,15213,燕市,吉田,False
4810370,cctv,3,138.92235,37.805269,新潟県,15108,新潟市 西蒲区,升潟,False
4810380,cctv,3,138.981,37.863097,新潟県,15107,新潟市 西区,亀貝,False
4810395,cctv,3,136.9116223,36.6915405,富山県,16202,高岡市,福岡町木舟,False
4810406,cctv,3,137.444677,36.896601,富山県,16207,黒部市,出島,False
4810410,cctv,3,137.416303,36.816442,富山県,16204,魚津市,本江,False
4810420,cctv,3,137.303914,36.718606,富山県,16201,富山市,水橋番頭名,False
4810430,cctv,3,137.279328,36.717953,富山県,16201,富山市,水橋二杉,False
4810440,cctv,3,137.263083,36.720272,富山県,16201,富山市,針原中町,False
4810445,cctv,3,137.1817116,36.7301786,富山県,16201,富山市,八町,False
4810447,cctv,3,137.1248616,36.7286395,富山県,16211,射水市,小杉白石,False
4810454,cctv,3,136.9917958,36.7446732,富山県,16202,高岡市,扇町二丁目,False
4810460,cctv,3,136.855675,36.68745,富山県,16209,小矢部市,桜町,False
4810462,cctv,3,137.22999,36.52571,富山県,16201,富山市,布尻,False
4810463,cctv,3,137.231144,36.5360965,富山県,16201,富山市,楡原,False
4810470,cctv,3,137.237889,36.695756,富山県,16201,富山市,双代町,False
4810480,cctv,3,136.965706,36.580522,富山県,16210,南砺市,岩屋,False
4810485,cctv,3,136.9765361,36.6851084,富山県,16202,高岡市,戸出町三丁目,False
4810490,cctv,3,137.01085,36.745308,富山県,16202,高岡市,片原横町,False
4810500,cctv,3,137.019489,36.912461,富山県,16205,氷見市,脇方,False
4810510,cctv,3,136.97895,36.849436,富山県,16205,氷見市,十二町,False
4810530,cctv,3,136.488056,36.446111,石川県,17211,能美市,五間堂町,False
4810550,cctv,3,136.411695,36.326722,石川県,17206,加賀市,箱宮町,False
4810570,cctv,3,136.655556,36.571667,石川県,17201,金沢市,下堤町,False
4810580,cctv,3,136.640516,36.544308,石川県,17201,金沢市,泉三丁目,False
4810590,cctv,3,136.623128,36.540619,石川県,17212,野々市市,押野四丁目,False
4810600,cctv,3,136.969305,37.040419,石川県,17202,七尾市,本府中町,False
4810610,cctv,3,136.830093,36.904693,石川県,17207,羽咋市,本江町,False
4810620,cctv,3,136.796947,36.869728,石川県,17386,宝達志水町,子浦,False
4810630,cctv,3,136.677711,36.560782,石川県,17201,金沢市,田井町,False
5110100,loop,3,138.9246216,35.1521396,静岡県,22206,三島市,徳倉,True
5110109,loop,3,138.9293772,35.1187678,静岡県,22206,三島市,谷田,True
5110111,loop,3,138.9124954,35.1092433,静岡県,22206,三島市,玉川,True
5110115,loop,3,138.739584,35.13889,静岡県,22210,富士市,中里,True
5110120,loop,3,138.536991,35.061268,静岡県,22103,静岡市 清水区,興津東町,True
5110125,loop,3,138.431978,34.999455,静岡県,22102,静岡市 駿河区,国吉田二丁目,True
5110130,loop,3,138.37946,35.002926,静岡県,22101,静岡市 葵区,大岩四丁目,False
5110135,loop,3,138.326229,34.942731,静岡県,22102,静岡市 駿河区,丸子,False
5110140,loop,3,138.231472,34.874439,静岡県,22214,藤枝市,堀之内,False
5110145,loop,3,138.1182557,34.8317707,静岡県,22209,島田市,志戸呂,False
5110148,loop,3,137.853806,34.7380595,静岡県,22211,磐田市,見付,False
5110150,loop,3,137.7966642,34.7314159,静岡県,22138,浜松市 中央区,中野町,False
5110155,loop,3,137.6802735,34.6774218,静岡県,22138,浜松市 中央区,小沢渡町,False
5110158,loop,3,137.608459,34.6784688,静岡県,22138,浜松市 中央区,舞阪町舞阪,False
5110160,loop,3,137.5025406,34.6770125,静岡県,22221,湖西市,白須賀,False
5110170,loop,3,137.3662126,34.7982593,愛知県,23207,豊川市,小坂井町,False
5110175,loop,3,137.2032416,34.9239196,愛知県,23202,岡崎市,岡町,False
5110180,loop,3,136.7712316,35.1224623,愛知県,23425,蟹江町,大字蟹江新田,False
5110185,loop,3,136.6459825,35.0268342,三重県,24202,四日市市,広永町,False
5110190,loop,3,136.5686551,34.9143944,三重県,24202,四日市市,釆女町,False
5110250,loop,3,136.9279236,35.2300211,愛知県,23206,春日井市,中野町一丁目,False
5110255,loop,3,136.8807274,35.2235882,愛知県,23104,名古屋市 西区,二方町,False
5111410,loop,3,138.9422778,34.9385786,静岡県,22222,伊豆市,雲金,True
5111435,loop,3,138.9483055,35.1123239,静岡県,22206,三島市,谷田,True
5111440,loop,3,138.9461249,35.0929453,静岡県,22206,三島市,大場,True
5111460,loop,3,138.947342,34.773393,静岡県,22302,河津町,小鍋,False
5111910,loop,3,136.9747388,35.2514917,愛知県,23206,春日井市,瑞穂通七丁目,False
5111920,loop,3,137.0762497,35.3301467,岐阜県,21204,多治見市,富士見町五丁目,False
5111930,loop,3,137.2135359,35.366356,岐阜県,21212,土岐市,泉町河合,False
5111940,loop,3,137.4827895,35.4774904,岐阜県,21206,中津川市,千旦林,False
5111950,loop,3,137.5415325,35.5429472,岐阜県,21206,中津川市,山口,False
5111960,loop,3,137.6867026,35.7937255,長野県,20422,上松町,大字上松,False
5111970,loop,3,137.7375698,35.8656826,長野県,20432,木曽町,日義,False
5112190,loop,3,136.4557958,35.3596912,岐阜県,21362,関ケ原町,大字松尾,False
5112240,loop,3,136.7844039,35.3809109,岐阜県,21302,岐南町,平成六丁目,False
5112320,loop,3,137.0426846,34.9354051,愛知県,23212,安城市,福釜町,False
5112325,loop,3,137.0130622,35.0207713,愛知県,23210,刈谷市,築地町,False
5112330,loop,3,136.9841158,35.0431206,愛知県,23223,大府市,北崎町,False
5112340,loop,3,136.7566216,35.0697491,愛知県,23235,弥富市,富島三丁目,False
5112350,loop,3,136.6732612,35.009122,三重県,24344,川越町,大字高松,False
5112355,loop,3,136.5225828,34.7546837,三重県,24201,津市,栗真中山町,False
5112360,loop,3,136.6473028,34.5584848,三重県,24442,明和町,大字大淀,False
5112370,loop,3,136.5006557,34.7830207,三重県,24201,津市,大里睦合町,False
5112375,loop,3,136.4838785,34.7415067,三重県,24201,津市,河辺町,False
5112550,loop,3,136.260335,34.839452,三重県,24216,伊賀市,柘植町,False
5112590,loop,3,136.071242,34.70378,三重県,24216,伊賀市,治田,False
5113885,loop,3,138.8977143,35.3314239,静岡県,22215,御殿場市,柴怒田,True
5113890,loop,3,138.9049485,35.3238887,静岡県,22215,御殿場市,中畑,True
5113910,loop,3,138.676858,35.181909,静岡県,22210,富士市,伝法,True
5113920,loop,3,138.64987,35.209794,静岡県,22210,富士市,天間,True
5113990,loop,3,138.590083,35.415113,静岡県,22207,富士宮市,根原,True
5114110,loop,3,136.907566,35.26875,愛知県,23219,小牧市,下小針中島二丁目,False
5114120,loop,3,136.91981,35.331671,愛知県,23361,大口町,下小口五丁目,False
5114130,loop,3,137.055201,35.486433,岐阜県,21503,川辺町,下川辺,False
5114140,loop,3,137.25606,35.788583,岐阜県,21220,下呂市,小川,False
5114150,loop,3,137.213563,35.867554,岐阜県,21220,下呂市,萩原町上村,False
5114160,loop,3,137.267306,36.070968,岐阜県,21203,高山市,久々野町山梨,False
5114170,loop,3,137.138911,36.264962,岐阜県,21217,飛騨市,古川町野口,False
5114180,loop,3,137.248946,36.45952,岐阜県,21217,飛騨市,神岡町谷,False
5114210,loop,3,136.541333,34.519611,三重県,24204,松阪市,中万町,False
5114230,loop,3,136.410056,34.315278,三重県,24471,大紀町,柏野,False
5114250,loop,3,136.196222,34.095694,三重県,24543,紀北町,小山浦,False
5114270,loop,3,136.358917,34.275333,三重県,24471,大紀町,大内山,False
5114290,loop,3,136.076111,33.860694,三重県,24212,熊野市,有馬町,False
5114610,loop,3,138.8951207,35.1528742,静岡県,22342,長泉町,南一色,True
5114620,loop,3,138.875041,35.131341,静岡県,22203,沼津市,岡一色,True
5114630,loop,3,138.8871002,35.1458979,静岡県,22342,長泉町,下長窪,True
5114680,loop,3,139.0109217,35.359105,静岡県,22344,小山町,小山,True
5114740,loop,3,137.787657,35.073007,静岡県,22140,浜松市 天竜区,佐久間町川合,False
5114750,loop,3,137.6681803,34.9057522,静岡県,22139,浜松市 浜名区,引佐町別所,False
5115250,loop,3,138.520651,35.137162,静岡県,22103,静岡市 清水区,小河内,True
5115320,loop,3,137.0409411,35.1072312,愛知県,23302,東郷町,大字和合,False
5115340,loop,3,137.304967,35.1315355,愛知県,23211,豊田市,足助町,False
5115370,loop,3,137.794953,35.5012159,長野県,20205,飯田市,北方,False
5115380,loop,3,137.9379522,35.7154117,長野県,20210,駒ヶ根市,赤穂,False
5115530,loop,3,137.11723,35.064291,愛知県,23211,豊田市,田中町四丁目,False
5115610,loop,3,136.7848921,35.3981459,岐阜県,21302,岐南町,八剣北一丁目,False
5115630,loop,3,136.9518113,35.7355748,岐阜県,21219,郡上市,八幡町稲成,False
5115650,loop,3,136.8544203,35.8831698,岐阜県,21219,郡上市,白鳥町向小駄良,False
5115680,loop,3,136.9009352,35.9980249,岐阜県,21219,郡上市,高鷲町ひるがの,False
5115820,loop,3,137.542187,36.184072,岐阜県,21203,高山市,奥飛騨温泉郷平湯,False
5123510,loop,3,139.1103673,35.1415465,静岡県,22205,熱海市,泉,True
5125390,loop,3,137.9806852,35.8767065,長野県,20385,南箕輪村,−,False
5311910,loop,3,136.856963,35.1242393,愛知県,23110,名古屋市 中川区,昭和橋通六丁目,False
5810060,cctv,3,138.270337,34.905546,静岡県,22214,藤枝市,仮宿,False
5810080,cctv,3,138.151981,34.844542,静岡県,22209,島田市,向谷元町,False
5810090,cctv,3,138.050184,34.786387,静岡県,22213,掛川市,千羽,False
5810110,cctv,3,137.969553,34.762736,静岡県,22213,掛川市,領家,False
5810190,cctv,3,136.734972,35.113888,愛知県,23235,弥富市,鯏浦町,False
5810210,cctv,3,136.47097,34.86311,三重県,24210,亀山市,栄町,False
5810280,cctv,3,137.224778,35.365972,岐阜県,21208,瑞浪市,明世町山野内,False
5810330,cctv,3,137.419698,35.449259,岐阜県,21210,恵那市,長島町正家,False
5810340,cctv,3,137.442028,35.459667,岐阜県,21206,中津川市,茄子川,False
5810350,cctv,3,137.521639,35.512,岐阜県,21206,中津川市,落合,False
5810360,cctv,3,137.537222,35.58125,岐阜県,21206,中津川市,山口,False
5810370,cctv,3,137.683244,35.816188,長野県,20432,木曽町,福島,False
5810380,cctv,3,137.77069,35.915024,長野県,20425,木祖村,大字菅,False
5810390,cctv,3,137.786917,35.934711,長野県,20425,木祖村,大字薮原,False
5810420,cctv,3,137.190676,35.375728,岐阜県,21212,土岐市,泉町大富,False
5810440,cctv,3,137.132361,35.426917,岐阜県,21521,御嵩町,御嵩,False
5810470,cctv,3,136.946394,35.418612,岐阜県,21213,各務原市,鵜沼,False
5810510,cctv,3,136.453326,35.37112,岐阜県,21362,関ケ原町,大字関ケ原,False
5810530,cctv,3,137.40686,34.696128,愛知県,23201,豊橋市,野依町,False
5810570,cctv,3,137.221222,34.849388,愛知県,23214,蒲郡市,神ノ郷町,False
5810580,cctv,3,137.197416,34.848694,愛知県,23214,蒲郡市,柏原町,False
5810620,cctv,3,136.86925,35.101194,愛知県,23111,名古屋市 港区,砂美町,False
5810670,cctv,3,136.51956,34.65002,三重県,24201,津市,雲出島貫町,False
5810680,cctv,3,136.4716,34.71907,三重県,24201,津市,野田,False
5810690,cctv,3,136.49449,34.64712,三重県,24204,松阪市,舞出町,False
5810700,cctv,3,136.416645,34.85022,三重県,24210,亀山市,木下町,False
5810730,cctv,3,135.986212,34.628225,奈良県,29201,奈良市,小倉町,False
5810760,cctv,3,137.177488,35.552762,岐阜県,21504,七宗町,上麻生,False
5810770,cctv,3,137.169715,35.64602,岐阜県,21220,下呂市,金山町金山,False
5810780,cctv,3,137.162564,35.667031,岐阜県,21220,下呂市,金山町下原町,False
5810790,cctv,3,137.208481,35.74291,岐阜県,21220,下呂市,保井戸,False
5810800,cctv,3,137.252586,35.779477,岐阜県,21220,下呂市,三原,False
5810810,cctv,3,137.232014,35.834719,岐阜県,21220,下呂市,東上田,False
5810830,cctv,3,137.294767,36.023575,岐阜県,21203,高山市,久々野町木賊洞,False
5810840,cctv,3,137.266233,36.108713,岐阜県,21203,高山市,石浦町一丁目,False
5810850,cctv,3,137.258932,36.123733,岐阜県,21203,高山市,石浦町九丁目,False
5810860,cctv,3,137.162845,36.250728,岐阜県,21217,飛騨市,古川町杉崎,False
5810880,cctv,3,137.259675,36.314233,岐阜県,21217,飛騨市,神岡町堀之内,False
5810890,cctv,3,136.4423714,34.4075247,三重県,24443,大台町,下三瀬,False
5810900,cctv,3,136.2779067,34.1617406,三重県,24543,紀北町,三浦,False
5810920,cctv,3,136.1958331,34.0502861,三重県,24209,尾鷲市,大字南浦,False
5810930,cctv,3,136.1080803,33.9862981,三重県,24212,熊野市,飛鳥町大又,False
5810940,cctv,3,136.0940822,33.9329811,三重県,24212,熊野市,飛鳥町小阪,False
5810960,cctv,3,136.1851117,34.0015256,三重県,24209,尾鷲市,三木里町,False
5810970,cctv,3,136.1524581,33.9421378,三重県,24212,熊野市,新鹿町,False
5810980,cctv,3,136.1381858,33.9288986,三重県,24212,熊野市,新鹿町,False
5810990,cctv,3,135.9955167,33.7405758,三重県,24562,紀宝町,成川,False
5811000,cctv,1,136.1948133,34.1042086,三重県,24543,紀北町,便ノ山,False
5811020,cctv,3,138.522379,35.150841,静岡県,22103,静岡市 清水区,宍原,True
5811030,cctv,3,138.520314,35.154701,静岡県,22103,静岡市 清水区,宍原,True
5811040,cctv,3,138.529894,35.192723,静岡県,22207,富士宮市,内房,True
5811050,cctv,3,138.860418,35.370951,静岡県,22344,小山町,須走,True
5811110,cctv,3,137.309194,35.135027,愛知県,23211,豊田市,足助町,False
5811120,cctv,3,137.332722,35.149777,愛知県,23211,豊田市,富岡町,False
5811130,cctv,3,137.406805,35.170083,愛知県,23211,豊田市,明川町,False
5811140,cctv,3,137.524166,35.221388,愛知県,23211,豊田市,夏焼町,False
5811150,cctv,3,137.756093,35.462197,長野県,20205,飯田市,山本,False
5811160,cctv,3,137.792544,35.502061,長野県,20205,飯田市,北方,False
5811170,cctv,3,137.106666,35.210555,愛知県,23204,瀬戸市,宝ケ丘町,False
5811190,cctv,3,136.937212,35.601941,岐阜県,21219,郡上市,美並町上田,False
5811230,cctv,3,137.164639,36.138689,岐阜県,21203,高山市,清見町牧ケ洞,False
5811240,cctv,3,137.222749,36.161357,岐阜県,21203,高山市,赤保木町,False
5811250,cctv,3,138.927446,35.312573,静岡県,22215,御殿場市,萩原,True
5811270,cctv,3,136.596679,35.230233,岐阜県,21221,海津市,南濃町駒野,False
5811330,cctv,3,137.78409,35.467313,長野県,20205,飯田市,久米,False
6110010,loop,3,136.2652838,34.9381382,滋賀県,25209,甲賀市,土山町頓宮,False
6110020,loop,3,136.115166,34.9909363,滋賀県,25211,湖南市,朝国,False
6110030,loop,3,135.9568512,35.005385,滋賀県,25206,草津市,東矢倉二丁目,False
6110040,loop,3,135.9135014,34.9569929,滋賀県,25201,大津市,瀬田六丁目,False
6110050,loop,3,135.8445257,34.9908704,滋賀県,25201,大津市,大谷町,False
6110060,loop,3,135.8311093,34.9914263,滋賀県,25201,大津市,横木一丁目,False
6110070,loop,3,135.8277726,34.9863041,京都府,26110,京都市 山科区,音羽前田町,False
6110080,loop,3,135.7444525,34.9109918,京都府,26109,京都市 伏見区,向島上五反田,False
6110090,loop,3,135.6494808,34.8053115,大阪府,27210,枚方市,山之上北町,False
6110100,loop,3,135.7203931,34.8194571,大阪府,27210,枚方市,長尾台四丁目,False
6110110,loop,3,135.4368246,34.7196043,兵庫県,28202,尼崎市,杭瀬本町三丁目,False
6110120,loop,3,135.1062423,34.6407862,兵庫県,28107,神戸市 須磨区,一ノ谷町五丁目,False
6110130,loop,3,134.859353,34.7575617,兵庫県,28210,加古川市,野口町北野,False
6110140,loop,3,134.6301743,34.8327483,兵庫県,28201,姫路市,広畑区西蒲田,False
6110150,loop,3,134.5783675,34.8474251,兵庫県,28464,太子町,佐用岡,False
6110170,loop,3,136.2866235,36.2364939,福井県,18208,あわら市,熊坂,False
6110180,loop,3,136.092793,35.792989,福井県,18404,南越前町,大谷,False
6110190,loop,3,136.082058,35.622566,福井県,18202,敦賀市,鳩原,False
6110200,loop,3,136.2793708,35.3198,滋賀県,25214,米原市,朝妻筑摩,False
6110210,loop,3,136.2628055,35.2504907,滋賀県,25202,彦根市,東沼波町,False
6110220,loop,3,136.1681101,35.1354137,滋賀県,25204,近江八幡市,安土町石寺,False
6110230,loop,3,136.0287183,35.0519348,滋賀県,25210,野洲市,三上,False
6110240,loop,3,135.666647,34.9750873,京都府,26111,京都市 西京区,大枝沓掛町,False
6110250,loop,3,135.1225287,35.2906744,京都府,26201,福知山市,南岡町,False
6110260,loop,3,134.8594254,35.3341839,兵庫県,28225,朝来市,和田山町玉置,False
6110270,loop,3,134.7827947,35.3790608,兵庫県,28222,養父市,上野,False
6110280,loop,3,134.617635,35.3975293,兵庫県,28222,養父市,関宮,False
6110290,loop,3,136.4087364,35.3445505,滋賀県,25214,米原市,柏原,False
6110300,loop,3,135.7679594,34.9293865,京都府,26109,京都市 伏見区,豊後橋町,False
6110310,loop,3,135.8118296,34.6928269,奈良県,29201,奈良市,法蓮町,False
6110320,loop,3,135.742759,34.496331,奈良県,29202,大和高田市,大字曽大根,False
6110330,loop,3,135.2215719,34.2553365,和歌山県,30201,和歌山市,田屋,False
6110340,loop,3,135.4765856,34.5926168,大阪府,27141,堺市 堺区,三宝町四丁,False
6110350,loop,3,135.4233813,34.4923918,大阪府,27206,泉大津市,東豊中町一丁目,False
6110361,loop,3,135.1649355,34.2770163,和歌山県,30201,和歌山市,平井,False
6110370,loop,3,135.971192,35.613083,福井県,18442,美浜町,山上,False
6110380,loop,3,135.4638693,35.4860041,京都府,26202,舞鶴市,字吉坂,False
6110390,loop,3,135.2729474,35.3040199,京都府,26203,綾部市,味方町,False
6110410,loop,3,134.5583636,34.9952431,兵庫県,28227,宍粟市,山崎町須賀沢,False
6110430,loop,3,135.4272412,33.5772332,和歌山県,30401,白浜町,日置,False
6110440,loop,3,135.20039,34.14338,和歌山県,30202,海南市,冷水,False
6110450,loop,3,135.425688,34.7125492,兵庫県,28202,尼崎市,東本町二丁目,False
6110460,loop,3,136.0162246,35.4310532,滋賀県,25212,高島市,今津町酒波,False
6110470,loop,3,135.9258261,35.2134186,滋賀県,25201,大津市,荒川,False
6110500,loop,3,135.8926392,35.1009422,滋賀県,25201,大津市,仰木の里東一丁目,False
6110510,loop,3,135.8818781,35.0802067,滋賀県,25201,大津市,木の岡町,False
6110520,loop,3,135.8388126,35.008955,滋賀県,25201,大津市,藤尾奥町,False
6110530,loop,3,135.6840169,34.8925929,京都府,26303,大山崎町,字大山崎,False
6110540,loop,3,134.98263,34.6867266,兵庫県,28111,神戸市 西区,玉津町小山,False
6110670,loop,3,135.763168,34.486465,奈良県,29202,大和高田市,大字根成柿,False
6110700,loop,3,135.698397,34.368831,奈良県,29207,五條市,岡町,False
6110710,loop,3,135.675464,34.346251,奈良県,29207,五條市,釜窪町,False
6110720,loop,3,135.6723947,34.3430753,奈良県,29207,五條市,釜窪町,False
6110730,loop,3,135.6439447,34.3344354,和歌山県,30203,橋本市,隅田町垂井,False
6110740,loop,3,135.5956221,34.3205781,和歌山県,30203,橋本市,野,False
6110750,loop,3,135.508371,34.304207,和歌山県,30341,かつらぎ町,大字丁ノ町,False
6110760,loop,3,135.4958333,34.3002778,和歌山県,30341,かつらぎ町,大字大谷,False
6110765,loop,3,135.42037,34.293299,和歌山県,30208,紀の川市,上丹生谷,False
6110780,loop,3,135.406025,34.290835,和歌山県,30208,紀の川市,中津川,False
6110790,loop,3,135.2798546,34.2876623,和歌山県,30209,岩出市,山,False
6110810,loop,3,136.6293599,35.9189897,福井県,18205,大野市,下山,False
6110820,loop,3,136.602468,35.963561,福井県,18205,大野市,西勝原,False
6110840,loop,3,136.526729,35.989491,福井県,18205,大野市,上麻生嶋,False
6110860,loop,3,136.4451984,36.06258,福井県,18206,勝山市,鹿谷町保田,False
6110870,loop,3,136.3744739,36.0742243,福井県,18322,永平寺町,浅見,False
6110880,loop,3,136.3244622,36.086522,福井県,18322,永平寺町,諏訪間,False
6110980,loop,3,134.892261,35.3051137,兵庫県,28225,朝来市,山東町柿坪,False
6111020,loop,3,135.8745,34.6153889,奈良県,29201,奈良市,米谷町,False
6111030,loop,3,135.947246,33.670648,和歌山県,30421,那智勝浦町,大字高津気,False
6111040,loop,1,135.4035279,33.7436208,和歌山県,30206,田辺市,中万呂,False
6111050,loop,1,135.4036148,33.6780681,和歌山県,30401,白浜町,平,False
6111060,loop,1,135.410147,33.637431,和歌山県,30401,白浜町,富田,False
6111070,loop,1,135.4942107,33.5660511,和歌山県,30406,すさみ町,周参見,False
6111080,loop,1,135.5465382,33.5312397,和歌山県,30406,すさみ町,和深川,False
6111090,loop,3,135.9180286,33.6200833,和歌山県,30421,那智勝浦町,大字橋ノ川,False
6111094,loop,3,136.004619,33.73308,三重県,24562,紀宝町,鵜殿,False
6111100,loop,3,135.3613889,34.2913889,和歌山県,30208,紀の川市,登尾,False
6810010,cctv,3,136.336111,34.896944,滋賀県,25209,甲賀市,土山町山中,False
6810020,cctv,3,135.901667,34.977778,滋賀県,25201,大津市,粟津町,False
6810030,cctv,3,136.094722,35.005278,滋賀県,25211,湖南市,岩根,False
6810060,cctv,3,135.753056,34.986389,京都府,26106,京都市 下京区,西油小路町,False
6810089,cctv,3,135.908546,34.978118,滋賀県,25201,大津市,瀬田一丁目,False
6810090,cctv,3,135.723056,34.831389,京都府,26211,京田辺市,山手西二丁目,False
6810100,cctv,3,135.723889,34.831389,京都府,26211,京田辺市,山手南一丁目,False
6810105,cctv,3,135.4489722,34.7141111,大阪府,27113,大阪市 西淀川区,佃二丁目,False
6810111,cctv,3,135.019846,34.642997,兵庫県,28108,神戸市 垂水区,狩口台六丁目,False
6810130,cctv,3,134.330556,34.8425,兵庫県,28212,赤穂市,西有年,False
6810135,cctv,3,136.2677778,36.1833334,福井県,18208,あわら市,南疋田,False
6810140,cctv,3,136.263889,36.143056,福井県,18210,坂井市,丸岡町今福,False
6810150,cctv,3,136.244444,36.077222,福井県,18201,福井市,開発一丁目,False
6810160,cctv,3,136.218333,36.024444,福井県,18201,福井市,下荒井町,False
6810165,cctv,3,136.1958333,35.9805556,福井県,18207,鯖江市,御幸町一丁目,False
6810170,cctv,3,136.188889,35.955556,福井県,18207,鯖江市,長泉寺町,False
6810180,cctv,3,136.169444,35.878333,福井県,18209,越前市,向新保町,False
6810190,cctv,3,136.094722,35.719444,福井県,18202,敦賀市,阿曽,False
6810200,cctv,3,136.083056,35.665556,福井県,18202,敦賀市,泉,False
6810220,cctv,3,136.107222,35.604167,福井県,18202,敦賀市,奥野,False
6810230,cctv,3,136.122756,35.57603,滋賀県,25203,長浜市,西浅井町沓掛,False
6810240,cctv,3,136.173333,35.512778,滋賀県,25203,長浜市,西浅井町塩津浜,False
6810241,cctv,3,136.245092,35.432216,滋賀県,25203,長浜市,湖北町馬渡,False
6810250,cctv,3,136.269444,35.275556,滋賀県,25202,彦根市,古沢町,False
6810260,cctv,3,136.128333,35.116111,滋賀県,25204,近江八幡市,友定町,False
6810270,cctv,3,136.089722,35.091944,滋賀県,25384,竜王町,大字西横関,False
6810280,cctv,3,136.084722,35.66,福井県,18202,敦賀市,泉,False
6810290,cctv,3,135.722222,34.996111,京都府,26108,京都市 右京区,西院月双町,False
6810300,cctv,3,135.693056,34.981944,京都府,26111,京都市 西京区,山田中吉見町,False
6810310,cctv,3,135.692917,34.981944,京都府,26111,京都市 西京区,山田中吉見町,False
6810320,cctv,3,135.6475,34.9925,京都府,26111,京都市 西京区,大枝沓掛町,False
6810330,cctv,3,135.636667,34.989722,京都府,26206,亀岡市,篠町王子,False
6810335,cctv,3,135.756215,35.488936,福井県,18204,小浜市,湯岡,False
6810340,cctv,3,135.439444,35.122222,京都府,26407,京丹波町,新水戸,False
6810343,cctv,3,135.3219444,35.1877778,京都府,26407,京丹波町,水原,False
6810344,cctv,3,135.2161111,35.2458334,京都府,26201,福知山市,字萩原,False
6810346,cctv,3,135.1777778,35.2830556,京都府,26201,福知山市,長田野町三丁目,False
6810348,cctv,3,135.101491,35.313982,京都府,26201,福知山市,字岩井,False
6810360,cctv,3,134.917222,35.333611,兵庫県,28225,朝来市,山東町金浦,False
6810365,cctv,3,136.286774,36.259134,福井県,18208,あわら市,牛ノ谷,False
6810370,cctv,3,134.671667,35.383056,兵庫県,28222,養父市,万久里,False
6810390,cctv,3,134.585278,35.480833,兵庫県,28585,香美町,村岡区用野,False
6810400,cctv,3,134.533889,35.503889,兵庫県,28585,香美町,村岡区柤岡,False
6810410,cctv,3,134.4275,35.524722,兵庫県,28586,新温泉町,千谷,False
6810420,cctv,3,136.352222,35.331111,滋賀県,25214,米原市,醒井,False
6810450,cctv,3,135.169164,34.229683,和歌山県,30201,和歌山市,一番丁,False
6810492,cctv,3,135.6647778,34.5749167,大阪府,27221,柏原市,国分東条町,False
6810500,cctv,3,135.466581,34.58,大阪府,27141,堺市 堺区,竜神橋町一丁,False
6810510,cctv,3,135.466581,34.579722,大阪府,27141,堺市 堺区,竜神橋町一丁,False
6810540,cctv,3,135.269444,34.36,大阪府,27228,泉南市,馬場三丁目,False
6810550,cctv,3,135.19756,34.3227,大阪府,27232,阪南市,箱作,False
6810551,cctv,3,135.1913056,34.3248889,大阪府,27366,岬町,望海坂三丁目,False
6810552,cctv,3,135.1605,34.3128333,大阪府,27366,岬町,深日,False
6810560,cctv,3,135.175,34.248056,和歌山県,30201,和歌山市,粟,False
6810580,cctv,3,136.021389,35.633611,福井県,18202,敦賀市,沓見,False
6810590,cctv,3,135.910417,35.580833,福井県,18501,若狭町,気山,False
6810610,cctv,3,135.825,35.469444,福井県,18501,若狭町,日笠,False
6810620,cctv,3,135.666111,35.483056,福井県,18204,小浜市,加斗,False
6810630,cctv,3,135.595833,35.488056,福井県,18481,高浜町,下車持,False
6810660,cctv,3,135.421389,35.480833,京都府,26202,舞鶴市,字小倉,False
6810667,cctv,3,135.3566667,35.4602778,京都府,26202,舞鶴市,字余部上,False
6810670,cctv,3,135.333056,35.414167,京都府,26202,舞鶴市,字京田,False
6810671,cctv,3,135.3169444,35.3788889,京都府,26203,綾部市,黒谷町,False
6810730,cctv,3,134.605278,34.853056,兵庫県,28201,姫路市,太市中,False
6810740,cctv,3,134.61312,34.876912,兵庫県,28201,姫路市,石倉,False
6810750,cctv,3,134.587422,35.070682,兵庫県,28227,宍粟市,一宮町嶋田,False
6810760,cctv,3,134.539014,35.145672,兵庫県,28227,宍粟市,波賀町小野,False
6810770,cctv,3,135.984591,33.692375,和歌山県,30207,新宮市,三輪崎,False
6810780,cctv,3,135.927061,33.617778,和歌山県,30421,那智勝浦町,大字湯川,False
6810790,cctv,3,135.910197,33.568539,和歌山県,30421,那智勝浦町,大字粉白,False
6810800,cctv,3,135.806228,33.503231,和歌山県,30428,串本町,伊串,False
6810810,cctv,3,135.760481,33.483928,和歌山県,30428,串本町,高富,False
6810820,cctv,3,135.606391,33.50989,和歌山県,30406,すさみ町,江住,False
6810830,cctv,3,135.57,33.5185,和歌山県,30406,すさみ町,見老津,False
6810840,cctv,3,135.458889,33.554167,和歌山県,30401,白浜町,塩野,False
6810850,cctv,3,135.411942,33.702736,和歌山県,30404,上富田町,朝来,False
6810860,cctv,3,135.404722,33.7225,和歌山県,30206,田辺市,新庄町,False
6810880,cctv,3,135.3275,33.748889,和歌山県,30391,みなべ町,埴田,False
6810890,cctv,3,135.3025,33.781111,和歌山県,30391,みなべ町,山内,False
6810900,cctv,3,135.146508,33.918928,和歌山県,30382,日高町,大字荊木,False
6810910,cctv,3,135.12965,33.946592,和歌山県,30382,日高町,大字池田,False
6810920,cctv,3,135.189722,34.043056,和歌山県,30361,湯浅町,大字栖原,False
6810930,cctv,3,135.189167,34.047035,和歌山県,30361,湯浅町,大字吉川,False
6810950,cctv,3,135.169583,34.195394,和歌山県,30201,和歌山市,和歌浦西一丁目,False
6810960,cctv,3,135.359472,33.749628,和歌山県,30206,田辺市,元町,False
6810980,cctv,3,135.489722,34.652222,大阪府,27122,大阪市 西成区,中開三丁目,False
6810990,cctv,3,136.098333,35.551944,福井県,18202,敦賀市,山中,False
6811000,cctv,3,136.094444,35.53,滋賀県,25212,高島市,マキノ町野口,False
6811010,cctv,3,136.083056,35.478889,滋賀県,25212,高島市,マキノ町海津,False
6811020,cctv,3,136.024722,35.3975,滋賀県,25212,高島市,今津町大供,False
6811030,cctv,3,136.018056,35.287222,滋賀県,25212,高島市,−,False
6811040,cctv,3,135.960556,35.247778,滋賀県,25201,大津市,北小松,False
6811050,cctv,3,135.943333,35.237778,滋賀県,25201,大津市,南小松,False
6811080,cctv,3,135.569444,34.718611,大阪府,27209,守口市,南寺方南通三丁目,False
6811120,cctv,3,135.008778,35.072556,兵庫県,28223,丹波市,山南町梶,False
6811130,cctv,3,135.005953,35.121394,兵庫県,28223,丹波市,氷上町朝阪,False
6811150,cctv,3,135.066111,35.160556,兵庫県,28223,丹波市,春日町坂,False
6811160,cctv,3,135.020833,35.233056,兵庫県,28223,丹波市,青垣町田井縄,False
6811165,cctv,3,134.977245,35.287485,兵庫県,28223,丹波市,青垣町遠阪,False
6811170,cctv,3,134.970556,35.291111,兵庫県,28223,丹波市,青垣町遠阪,False
6811180,cctv,3,134.92,35.303056,兵庫県,28225,朝来市,山東町柴,False
6811190,cctv,3,134.801111,35.345,兵庫県,28225,朝来市,和田山町岡,False
6811200,cctv,3,134.759167,35.363333,兵庫県,28222,養父市,十二所,False
6811210,cctv,3,134.790538,35.499423,兵庫県,28209,豊岡市,日高町竹貫,False
6811220,cctv,3,134.764925,35.474942,兵庫県,28209,豊岡市,日高町祢布,False
6811230,cctv,3,134.767839,35.43722,兵庫県,28222,養父市,八鹿町宿南,False
6811260,cctv,3,136.023618,35.017546,滋賀県,25208,栗東市,六地蔵,False
6811310,cctv,3,134.816183,34.788566,兵庫県,28210,加古川市,西神吉町岸,False
6811320,cctv,3,134.673055,34.814722,兵庫県,28201,姫路市,飯田二丁目,False
6811340,cctv,3,134.618945,34.83503,兵庫県,28464,太子町,太田,False
6811400,cctv,3,135.675417,34.541528,奈良県,29210,香芝市,穴虫,False
7110040,loop,3,133.565914,34.5154018,岡山県,33445,里庄町,大字里見,False
7110050,loop,3,133.3551943,34.4856556,広島県,34207,福山市,西桜町二丁目,False
7110060,loop,3,133.2070398,34.4226378,広島県,34205,尾道市,防地町,False
7110070,loop,3,133.1699288,34.4075736,広島県,34205,尾道市,吉和町,False
7110090,loop,3,131.3867222,34.0768611,山口県,35203,山口市,嘉川,False
7110110,loop,3,134.222875,35.523803,鳥取県,31201,鳥取市,浜坂,False
7110120,loop,3,133.602321,35.520735,鳥取県,31386,大山町,田中,False
7110130,loop,3,133.370183,35.418805,鳥取県,31202,米子市,古豊千,False
7110140,loop,3,133.1601977,35.4297222,島根県,32201,松江市,東出雲町揖屋,False
7110150,loop,3,132.9291201,35.4150143,島根県,32201,松江市,宍道町白石,False
7110160,loop,3,132.5117898,35.2208011,島根県,32205,大田市,久手町刺鹿,False
7110170,loop,3,131.907185,34.754493,島根県,32202,浜田市,三隅町岡見,False
7110180,loop,3,131.7601667,34.4269445,山口県,35203,山口市,阿東徳佐上,False
7110210,loop,3,133.9257149,34.8389209,岡山県,33101,岡山市 北区,御津鹿瀬,False
7110230,loop,3,132.8171003,34.7613144,広島県,34209,三次市,青河町,False
7110240,loop,3,133.784738,34.6849821,岡山県,33208,総社市,窪木,False
7110260,loop,3,132.1977222,33.9798889,山口県,35212,柳井市,神代,False
7110270,loop,3,131.6773889,34.6595,山口県,35204,萩市,大字下田万,False
7110280,loop,3,131.4097778,34.4198611,山口県,35204,萩市,大字椿東,False
7110290,loop,3,131.1861389,34.3718056,山口県,35211,長門市,東深川,False
7110300,loop,3,132.459786,34.383007,広島県,34101,広島市 中区,南竹屋町,False
7110320,loop,3,132.1366533,33.9576381,山口県,35212,柳井市,柳井,False
7116080,loop,3,133.151389,34.396667,広島県,34204,三原市,木原町,False
7160010,loop,1,133.1247222,34.5622222,広島県,34462,世羅町,大字宇津戸,False
7160020,loop,1,132.8976065,35.0793151,広島県,34210,庄原市,高野町和南原,False
7310030,loop,3,133.4192187,34.4975735,広島県,34207,福山市,引野町,False
7310050,loop,3,134.014803,35.526421,鳥取県,31201,鳥取市,気高町八束水,False
7310060,loop,3,133.88375,35.505998,鳥取県,31370,湯梨浜町,大字宇野,False
7310070,loop,3,134.020507,35.514425,鳥取県,31201,鳥取市,気高町八束水,False
7310080,loop,3,133.951629,35.507735,鳥取県,31370,湯梨浜町,大字石脇,False
7310090,loop,3,133.906984,35.498312,鳥取県,31370,湯梨浜町,大字宇谷,False
7310100,loop,3,133.493736,35.508808,鳥取県,31386,大山町,御来屋,False
7310110,loop,3,132.8747235,35.3977261,島根県,32203,出雲市,斐川町学頭,False
7310120,loop,3,132.3222435,35.0686295,島根県,32205,大田市,温泉津町今浦,False
7310130,loop,3,134.259336,35.419582,鳥取県,31329,八頭町,奥谷,False
7310140,loop,3,134.228921,35.287555,鳥取県,31328,智頭町,大字市瀬,False
7310150,loop,3,132.7317309,34.9738037,島根県,32386,飯南町,上赤名,False
7310160,loop,3,132.778337,35.1174602,島根県,32386,飯南町,都加賀,False
7310170,loop,3,133.7151146,34.7052641,岡山県,33208,総社市,宍粟,False
7310180,loop,3,131.3651944,34.3896389,山口県,35204,萩市,三見,False
7310190,loop,3,134.19798,35.48752,鳥取県,31201,鳥取市,本高,False
7310200,loop,3,134.284636,35.560826,鳥取県,31201,鳥取市,福部町細川,False
7310210,loop,3,133.518074,35.508415,鳥取県,31386,大山町,東坪,False
7310220,loop,3,134.1326944,35.5270278,鳥取県,31201,鳥取市,伏野,False
7310240,loop,3,134.2037778,35.397,鳥取県,31201,鳥取市,河原町徳吉,False
7310260,loop,3,132.4019922,35.1321568,島根県,32205,大田市,仁摩町天河内,False
7310270,loop,3,132.3490609,35.0857362,島根県,32205,大田市,温泉津町小浜,False
7310280,loop,3,132.335387,35.0766716,島根県,32205,大田市,温泉津町福光,False
7310290,loop,3,132.0657,34.8822,島根県,32202,浜田市,原井町,False
7310300,loop,3,132.0662027,34.8698044,島根県,32202,浜田市,熱田町,False
7310310,loop,3,132.689449,34.347952,広島県,34212,東広島市,黒瀬町乃美尾,False
7310320,loop,3,132.733939,34.363187,広島県,34212,東広島市,西条町馬木,False
7310340,loop,3,133.26236,34.463478,広島県,34207,福山市,神村町,False
7310350,loop,3,131.9999083,34.8358011,島根県,32202,浜田市,西村町,False
7310370,loop,1,132.8454097,35.2004555,島根県,32209,雲南市,吉田町吉田,False
7310410,loop,3,132.5144274,35.2159326,島根県,32205,大田市,久手町刺鹿,False
7310420,loop,3,132.6201357,35.2754701,島根県,32203,出雲市,多伎町小田,False
7310430,loop,3,132.688667,35.303833,島根県,32203,出雲市,湖陵町常楽寺,False
7310440,loop,3,132.676944,35.298722,島根県,32203,出雲市,湖陵町二部,False
7310450,loop,3,132.645583,35.290444,島根県,32203,出雲市,多伎町久村,False
7310460,loop,3,132.459905,35.200828,島根県,32205,大田市,静間町,False
7310470,loop,3,132.455753,35.198645,島根県,32205,大田市,静間町,False
7310510,loop,3,132.797334,34.400695,広島県,34212,東広島市,西条町上三永,False
7310520,loop,3,132.51558,34.539762,広島県,34106,広島市 安佐北区,可部町大字上町屋,False
7310530,loop,3,132.31778,34.347256,広島県,34213,廿日市市,串戸五丁目,False
7310540,loop,3,132.631054,34.310647,広島県,34202,呉市,郷原町,False
7310610,loop,3,134.1603,35.49457,鳥取県,31201,鳥取市,高住,False
7310620,loop,3,134.0804,35.50153,鳥取県,31201,鳥取市,気高町常松,False
7310630,loop,3,134.0626,35.4999,鳥取県,31201,鳥取市,気高町日光,False
7310640,loop,3,134.0108,35.5086,鳥取県,31201,鳥取市,青谷町養郷,False
7360010,loop,1,134.387568,35.032454,兵庫県,28501,佐用町,奥金近,False
7360020,loop,1,134.346092,35.076068,兵庫県,28501,佐用町,東中山,False
7360030,loop,3,134.286932,35.238191,鳥取県,31328,智頭町,大字尾見,False
7360040,loop,3,134.227547,35.284722,鳥取県,31328,智頭町,大字市瀬,False
7360050,loop,1,134.222766,35.285344,鳥取県,31328,智頭町,大字市瀬,False
7360060,loop,1,134.194581,35.353627,鳥取県,31201,鳥取市,用瀬町美成,False
7360070,loop,1,134.204798,35.37911,鳥取県,31201,鳥取市,河原町八日市,False
7360080,loop,1,134.20339,35.391042,鳥取県,31201,鳥取市,河原町高福,False
7360090,loop,1,134.206955,35.407727,鳥取県,31201,鳥取市,河原町片山,False
7360100,loop,1,134.1931417,35.4586223,鳥取県,31201,鳥取市,上味野,False
7360110,loop,1,134.331458,35.113784,岡山県,33215,美作市,中町,False
7360130,loop,1,133.033421,34.6945589,広島県,34209,三次市,甲奴町宇賀,False
7360140,loop,1,133.0469408,34.6872316,広島県,34209,三次市,甲奴町小童,False
7810030,cctv,3,133.299608,34.461304,広島県,34207,福山市,赤坂町大字赤坂,False
7810050,cctv,3,133.010289,34.405934,広島県,34204,三原市,本郷南一丁目,False
7810060,cctv,3,132.905302,34.39148,広島県,34203,竹原市,新庄町,False
7810080,cctv,3,132.811446,34.404099,広島県,34203,竹原市,田万里町,False
7810090,cctv,3,132.548551,34.371655,広島県,34304,海田町,浜角,False
7810100,cctv,3,132.43065,34.370314,広島県,34101,広島市 中区,江波二本松一丁目,False
7810120,cctv,3,133.075998,34.409291,広島県,34204,三原市,八坂町,False
7810130,cctv,3,133.04909,34.394348,広島県,34204,三原市,新倉二丁目,False
7810140,cctv,3,132.173982,34.186157,山口県,35208,岩国市,関戸,False
7810150,cctv,3,131.669576,34.069307,山口県,35215,周南市,大字戸田,False
7810180,cctv,3,131.248456,34.039188,山口県,35202,宇部市,大字吉見,False
7810220,cctv,3,134.20671,35.519085,鳥取県,31201,鳥取市,商栄町,False
7810230,cctv,3,134.171906,35.523372,鳥取県,31201,鳥取市,湖山町北二丁目,False
7810240,cctv,3,134.139977,35.527852,鳥取県,31201,鳥取市,伏野,False
7810250,cctv,3,134.071698,35.515941,鳥取県,31201,鳥取市,気高町下坂本,False
7810280,cctv,3,133.70857,35.503016,鳥取県,31371,琴浦町,大字逢束,False
7810330,cctv,3,133.4305,35.465537,鳥取県,31202,米子市,淀江町今津,False
7810350,cctv,3,133.358295,35.432832,鳥取県,31202,米子市,車尾二丁目,False
7810360,cctv,3,133.331902,35.431014,鳥取県,31202,米子市,東倉吉町,False
7810380,cctv,3,133.474531,35.481492,鳥取県,31386,大山町,所子,False
7810390,cctv,3,133.461163,35.476145,鳥取県,31386,大山町,清原,False
7810400,cctv,3,133.415136,35.432832,鳥取県,31202,米子市,淀江町小波,False
7810420,cctv,3,133.61465,35.50747,鳥取県,31371,琴浦町,大字湯坂,False
7810430,cctv,3,134.315436,35.572998,鳥取県,31302,岩美町,大字浦富,False
7810440,cctv,3,133.302548,35.408037,島根県,32206,安来市,門生町,False
7810480,cctv,3,132.599938,35.276009,島根県,32203,出雲市,多伎町小田,False
7810500,cctv,3,132.455335,35.198965,島根県,32205,大田市,静間町,False
7810530,cctv,3,132.347724,35.088214,島根県,32205,大田市,温泉津町小浜,False
7810540,cctv,3,132.317104,35.059106,島根県,32207,江津市,黒松町,False
7810550,cctv,3,132.246444,35.035298,島根県,32207,江津市,浅利町,False
7810560,cctv,3,132.144917,34.961361,島根県,32202,浜田市,久代町,False
7810570,cctv,3,132.109083,34.922345,島根県,32202,浜田市,下府町,False
7810580,cctv,3,132.105961,34.903759,島根県,32202,浜田市,高佐町,False
7810590,cctv,3,132.087679,34.892214,島根県,32202,浜田市,竹迫町,False
7810600,cctv,3,132.069161,34.886378,島根県,32202,浜田市,原井町,False
7810610,cctv,3,132.044972,34.869389,島根県,32202,浜田市,長浜町,False
7810630,cctv,3,131.858404,34.6928,島根県,32204,益田市,下本郷町,False
7810640,cctv,3,131.812549,34.64982,島根県,32204,益田市,安富町,False
7810650,cctv,3,131.799331,34.603665,島根県,32204,益田市,向横田町,False
7810660,cctv,3,131.793408,34.567662,島根県,32501,津和野町,冨田,False
7810670,cctv,3,131.772423,34.441194,島根県,32501,津和野町,中座,False
7810680,cctv,3,133.070902,35.443912,島根県,32201,松江市,古志原一丁目,False
7810700,cctv,3,132.787156,35.372893,島根県,32203,出雲市,斐川町併川,False
7810710,cctv,3,132.777994,35.374468,島根県,32203,出雲市,大津町,False
7810730,cctv,3,132.223163,35.008795,島根県,32207,江津市,江津町,False
7810750,cctv,3,131.809437,34.66552,島根県,32204,益田市,飯田町,False
7810780,cctv,3,131.522947,34.245635,山口県,35203,山口市,宮野上,False
7810790,cctv,3,131.483723,34.190602,山口県,35203,山口市,江良二丁目,False
7810800,cctv,3,131.480083,34.188784,山口県,35203,山口市,上宇野令,False
7810840,cctv,3,134.240441,35.472038,鳥取県,31201,鳥取市,東大路,False
7810850,cctv,3,134.20171,35.499994,鳥取県,31201,鳥取市,徳尾,False
7810870,cctv,3,133.901839,34.523627,岡山県,33204,玉野市,槌ケ原,False
7810900,cctv,3,133.946407,34.911828,岡山県,33663,久米南町,下二ケ,False
7810950,cctv,3,134.215379,35.369823,鳥取県,31201,鳥取市,河原町釜口,False
7810960,cctv,3,132.667015,34.644568,広島県,34214,安芸高田市,吉田町川本,False
7810970,cctv,3,132.742245,34.681349,広島県,34214,安芸高田市,甲田町下小原,False
7810980,cctv,3,132.823527,34.817987,広島県,34209,三次市,三次町,False
7810990,cctv,3,132.793186,34.860907,広島県,34209,三次市,布野町下布野,False
7811010,cctv,3,132.816639,35.221765,島根県,32209,雲南市,掛合町掛合,False
7811020,cctv,3,132.907662,35.33258,島根県,32209,雲南市,加茂町南加茂,False
7811070,cctv,3,132.6053,34.235475,広島県,34202,呉市,阿賀中央五丁目,False
7811080,cctv,3,132.662702,34.220918,広島県,34202,呉市,仁方大歳町,False
7811090,cctv,3,132.728126,34.272139,広島県,34202,呉市,安浦町大字中切,False
7811100,cctv,3,132.948483,34.339972,広島県,34203,竹原市,高崎町,False
7811120,cctv,3,132.028679,33.905567,山口県,35343,田布施町,大字別府,False
7811130,cctv,3,131.978502,33.930389,山口県,35210,光市,室積二丁目,False
7811140,cctv,3,131.89892,33.976741,山口県,35210,光市,大字浅江,False
7811150,cctv,3,131.223377,33.975312,山口県,35202,宇部市,西平原四丁目,False
7811160,cctv,3,131.108286,34.025467,山口県,35216,山陽小野田市,大字津布田,False
7811170,cctv,3,130.910708,34.061793,山口県,35201,下関市,吉見古宿町,False
7811190,cctv,3,131.13719,34.372636,山口県,35211,長門市,西深川,False
7811200,cctv,3,131.21721,34.366554,山口県,35211,長門市,三隅下,False
7811210,cctv,3,131.327923,34.365565,山口県,35204,萩市,三見,False
7811220,cctv,3,131.429169,34.461171,山口県,35204,萩市,大井,False
7811230,cctv,3,131.50609,34.536251,山口県,35502,阿武町,大字木与,False
7811240,cctv,3,130.917824,33.978634,山口県,35201,下関市,武久町二丁目,False
7811250,cctv,3,131.269202,34.371174,山口県,35211,長門市,三隅中,False
7811260,cctv,3,131.345346,34.386217,山口県,35204,萩市,三見,False
7811280,cctv,3,130.919334,33.98188,山口県,35201,下関市,武久町二丁目,False
7811290,cctv,3,131.689768,34.666067,島根県,32204,益田市,飯浦町,False
7811300,cctv,3,131.768346,34.68067,島根県,32204,益田市,高津町,False
7811310,cctv,3,132.632159,34.274175,広島県,34202,呉市,広町,False
8110010,loop,3,134.4115448,34.2207184,香川県,37207,東かがわ市,引田,False
8110020,loop,3,134.0847766,34.3027747,香川県,37201,高松市,六条町,False
8110030,loop,3,133.946895,34.2967145,香川県,37201,高松市,国分寺町新名,False
8110040,loop,3,133.7159514,34.1741794,香川県,37208,三豊市,高瀬町下勝間,False
8110050,loop,3,133.2032418,33.9123627,愛媛県,38206,西条市,福武甲,False
8110060,loop,3,132.9843843,33.8243123,愛媛県,38206,西条市,丹原町千原,False
8110070,loop,3,134.0005016,34.2854417,香川県,37201,高松市,西山崎町,False
8110080,loop,3,133.7992233,34.1060883,香川県,37208,三豊市,財田町財田上,False
8110090,loop,3,133.8281643,34.0289578,徳島県,36208,三好市,井川町西井川,False
8110100,loop,3,133.7648535,33.9507649,徳島県,36208,三好市,山城町国政,False
8110110,loop,3,133.6260927,33.5890935,高知県,39204,南国市,岡豊町江村,False
8110115,loop,3,133.4515822,33.5482059,高知県,39386,いの町,枝川,False
8110120,loop,3,133.4028089,33.543134,高知県,39386,いの町,波川,False
8110130,loop,3,132.7915871,33.7476979,愛媛県,38402,砥部町,千足,False
8110131,loop,3,134.5924276,33.7934089,徳島県,36204,阿南市,福井町,False
8110140,loop,3,134.3697452,33.6346666,徳島県,36388,海陽町,浅川,False
8110142,loop,3,134.5396468,33.7477482,徳島県,36387,美波町,北河内,False
8110160,loop,3,133.7384445,33.539245,高知県,39211,香南市,香我美町岸本,False
8110161,loop,3,133.7807026,33.5209165,高知県,39307,芸西村,西分,False
8110162,loop,3,133.7401764,33.5503424,高知県,39211,香南市,香我美町徳王子,False
8110163,loop,3,133.721816,33.5535222,高知県,39211,香南市,野市町土居,False
8110164,loop,3,133.5742879,33.5712749,高知県,39201,高知市,布師田,False
8110165,loop,3,133.6337578,33.5602641,高知県,39204,南国市,大埇,False
8110166,loop,3,133.601005,33.540965,高知県,39201,高知市,仁井田,False
8110167,loop,3,133.5830779,33.5424318,高知県,39201,高知市,五台山,False
8110168,loop,3,133.683497,33.555893,高知県,39211,香南市,野市町上岡,False
8110170,loop,3,133.373125,33.485055,高知県,39205,土佐市,甲原,False
8110171,loop,3,133.2886434,33.4039556,高知県,39206,須崎市,潮田町,False
8110172,loop,3,133.2786012,33.3923668,高知県,39206,須崎市,池ノ内,False
8110174,loop,3,133.1448555,33.1833033,高知県,39412,四万十町,金上野,False
8110180,loop,3,133.2531524,33.3581759,高知県,39206,須崎市,安和,False
8110181,loop,3,132.9331389,32.9743889,高知県,39210,四万十市,坂本,False
8110182,loop,3,132.8722778,32.9681111,高知県,39210,四万十市,江ノ村,False
8110183,loop,3,132.7769722,32.9590278,高知県,39208,宿毛市,平田町中山,False
8110190,loop,3,132.6892072,32.9699654,高知県,39208,宿毛市,野地,False
8110191,loop,3,132.517477,33.139031,愛媛県,38203,宇和島市,津島町高田,False
8110192,loop,3,132.5220586,33.1459021,愛媛県,38203,宇和島市,津島町高田,False
8110200,loop,3,132.5285,33.325562,愛媛県,38203,宇和島市,吉田町法花津,False
8110210,loop,3,132.7448268,33.8163791,愛媛県,38201,松山市,保免西一丁目,False
8110231,loop,3,134.5205136,34.038478,徳島県,36201,徳島市,上八万町,False
8110232,loop,3,134.531005,34.0412006,徳島県,36201,徳島市,八万町,False
8110240,loop,3,132.8295994,34.0314963,愛媛県,38202,今治市,菊間町浜,False
8110250,loop,3,133.0948377,33.9300437,愛媛県,38206,西条市,北条,False
8111021,loop,3,133.309236,33.501914,高知県,39402,佐川町,甲,False
8160020,loop,1,133.206098,33.331092,高知県,39401,中土佐町,久礼,False
8160030,loop,1,133.159939,33.235442,高知県,39412,四万十町,小向,False
8160040,loop,1,132.5701319,33.2474203,愛媛県,38203,宇和島市,高串,False
8160050,loop,1,132.5570601,33.3362267,愛媛県,38214,西予市,宇和町下川,False
8160060,loop,1,134.588624,34.056139,,,,,False
8310010,loop,3,134.5794028,34.152121,徳島県,36401,松茂町,中喜来,False
8310020,loop,3,134.1512954,34.335875,香川県,37201,高松市,牟礼町大町,False
8310030,loop,3,132.8644306,33.799972,愛媛県,38215,東温市,志津川,False
8310040,loop,3,133.8959062,34.2395327,香川県,37202,丸亀市,綾歌町栗熊東,False
8310050,loop,3,133.760304,33.797668,高知県,39344,大豊町,東土居,False
8310060,loop,3,133.0423415,33.5415467,愛媛県,38386,久万高原町,中津,False
8310061,loop,3,132.7452721,33.8067545,愛媛県,38201,松山市,市坪西町,False
8310062,loop,3,132.720319,33.814776,愛媛県,38201,松山市,余戸西三丁目,False
8310070,loop,3,134.566429,34.0102657,徳島県,36203,小松島市,中郷町,False
8310080,loop,3,134.6339321,33.9732071,徳島県,36203,小松島市,坂野町,False
8310100,loop,3,133.0273318,33.035111,高知県,39428,黒潮町,浮鞭,False
8310110,loop,3,132.509843,33.406625,愛媛県,38214,西予市,宇和町大江,False
8310120,loop,3,132.56675,33.50451,愛媛県,38207,大洲市,菅田町大竹,False
8310130,loop,3,132.5977814,33.5346295,愛媛県,38207,大洲市,新谷,False
8310140,loop,3,132.68712,33.612575,愛媛県,38422,内子町,川中,False
8310150,loop,3,134.0184402,34.0401782,徳島県,36468,つるぎ町,半田,False
8310160,loop,3,132.7570751,33.8905612,愛媛県,38201,松山市,平田町,False
8810010,cctv,3,134.506281,34.225769,徳島県,36202,鳴門市,北灘町鳥ケ丸,False
8810040,cctv,3,134.426444,34.212028,香川県,37207,東かがわ市,坂元,False
8810050,cctv,3,134.369389,34.242694,香川県,37207,東かがわ市,松原,False
8810060,cctv,3,134.333056,34.241944,香川県,37207,東かがわ市,川東,False
8810070,cctv,3,134.235686,34.309661,香川県,37206,さぬき市,鴨部,False
8810080,cctv,3,134.203003,34.323825,香川県,37206,さぬき市,鴨庄,False
8810090,cctv,3,134.040556,34.310556,香川県,37201,高松市,上天神町,False
8810100,cctv,3,134.040833,34.310833,香川県,37201,高松市,上天神町,False
8810110,cctv,3,133.9267892,34.2963445,香川県,37203,坂出市,府中町,False
8810120,cctv,3,133.886,34.308303,香川県,37203,坂出市,西庄町,False
8810130,cctv,3,133.818719,34.281169,香川県,37202,丸亀市,土器町西四丁目,False
8810150,cctv,3,132.931944,33.793889,愛媛県,38215,東温市,則之内,False
8810160,cctv,3,133.916925,34.251008,香川県,37387,綾川町,滝宮,False
8810170,cctv,3,133.834944,34.183472,香川県,37406,まんのう町,五條,False
8810180,cctv,3,133.822778,34.157417,香川県,37406,まんのう町,追上,False
8810210,cctv,3,133.814811,34.029856,徳島県,36208,三好市,池田町シマ,False
8810220,cctv,3,133.788456,33.998275,徳島県,36208,三好市,山城町大和川,False
8810270,cctv,3,133.6898053,33.6991498,高知県,39344,大豊町,馬瀬,False
8810310,cctv,3,133.66,33.654167,高知県,39204,南国市,成合,False
8810340,cctv,3,133.460556,33.555278,高知県,39386,いの町,枝川,False
8810380,cctv,3,133.139444,33.555,高知県,39387,仁淀川町,崎ノ山,False
8810400,cctv,3,132.9925,33.581111,愛媛県,38386,久万高原町,日野浦,False
8810410,cctv,3,132.933333,33.618056,愛媛県,38386,久万高原町,大川,False
8810420,cctv,3,132.916389,33.627778,愛媛県,38386,久万高原町,露峰,False
8810430,cctv,3,132.905833,33.646667,愛媛県,38386,久万高原町,上野尻,False
8810450,cctv,3,132.8835762,33.6817825,愛媛県,38386,久万高原町,東明神,False
8810510,cctv,3,132.811667,33.735556,愛媛県,38402,砥部町,岩谷,False
8810530,cctv,3,132.7455604,33.8067921,愛媛県,38201,松山市,市坪西町,False
8810560,cctv,3,134.645522,33.883114,徳島県,36204,阿南市,津乃峰町,False
8810570,cctv,3,134.637228,33.873103,徳島県,36204,阿南市,橘町,False
8810580,cctv,3,134.590708,33.806483,徳島県,36204,阿南市,福井町,False
8810640,cctv,3,134.519397,33.722897,徳島県,36387,美波町,奥河内,False
8810660,cctv,3,134.406369,33.660419,徳島県,36383,牟岐町,大字内妻,False
8810670,cctv,3,134.323467,33.582003,徳島県,36388,海陽町,宍喰浦,False
8810690,cctv,3,134.261667,33.491111,高知県,39301,東洋町,大字野根,False
8810720,cctv,3,134.1973409,33.334999,高知県,39202,室戸市,室戸岬町,False
8810730,cctv,3,134.1807112,33.2510477,高知県,39202,室戸市,室戸岬町,False
8810740,cctv,3,134.123333,33.299722,高知県,39202,室戸市,元,False
8810750,cctv,3,134.039855,33.3714398,高知県,39202,室戸市,羽根町,False
8810760,cctv,3,134.023333,33.424167,高知県,39302,奈半利町,乙,False
8810780,cctv,3,133.966111,33.441944,高知県,39304,安田町,大字唐浜,False
8810820,cctv,3,133.878652,33.503388,高知県,39203,安芸市,穴内乙,False
8810840,cctv,3,133.760278,33.525,高知県,39211,香南市,夜須町手結山,False
8810850,cctv,3,133.301944,33.420556,高知県,39206,須崎市,吾井郷乙,False
8810880,cctv,3,133.179556,33.307434,高知県,39412,四万十町,床鍋,False
8810890,cctv,3,133.172023,33.288551,高知県,39412,四万十町,床鍋,False
8810910,cctv,3,133.171467,33.266597,高知県,39412,四万十町,替坂本,False
8810920,cctv,3,133.140708,33.218808,高知県,39412,四万十町,根元原,False
8810940,cctv,3,132.9856986,33.0089042,高知県,39428,黒潮町,上田の口,False
8810960,cctv,3,132.889125,32.978161,高知県,39210,四万十市,楠島,False
8810970,cctv,3,132.885636,32.977644,高知県,39210,四万十市,国見,False
8811000,cctv,3,132.865489,32.966872,高知県,39210,四万十市,江ノ村,False
8811020,cctv,3,132.816661,32.964578,高知県,39208,宿毛市,山奈町山田,False
8811040,cctv,3,132.796389,32.958333,高知県,39208,宿毛市,平田町戸内,False
8811050,cctv,3,132.736475,32.936414,高知県,39208,宿毛市,和田,False
8811060,cctv,3,132.683747,32.969853,愛媛県,38506,愛南町,正木,False
8811070,cctv,3,132.665209,32.970303,愛媛県,38506,愛南町,増田,False
8811080,cctv,3,132.60067,32.952329,愛媛県,38506,愛南町,満倉,False
8811090,cctv,3,132.584276,32.954119,愛媛県,38506,愛南町,蓮乗寺,False
8811110,cctv,3,132.48536,33.046546,愛媛県,38506,愛南町,須ノ川,False
8811130,cctv,3,132.49507,33.078911,愛媛県,38203,宇和島市,津島町嵐,False
8811140,cctv,3,132.518333,33.1135,愛媛県,38203,宇和島市,津島町岩松,False
8811150,cctv,3,132.521282,33.124698,愛媛県,38203,宇和島市,津島町岩松,False
8811170,cctv,3,132.54537,33.49517,愛媛県,38207,大洲市,北只,False
8811180,cctv,3,132.5469,33.156777,愛媛県,38203,宇和島市,祝森,False
8811190,cctv,3,132.552651,33.264024,愛媛県,38203,宇和島市,吉田町知永,False
8811210,cctv,3,132.559577,33.2334,愛媛県,38203,宇和島市,藤江,False
8811220,cctv,3,132.55883,33.219755,愛媛県,38203,宇和島市,明倫町二丁目,False
8811230,cctv,3,132.545961,33.214,愛媛県,38203,宇和島市,坂下津,False
8811240,cctv,3,132.543219,33.187563,愛媛県,38203,宇和島市,保田,False
8811250,cctv,3,132.69675,33.623917,愛媛県,38210,伊予市,中山町出渕,False
8811260,cctv,3,132.70852,33.639103,愛媛県,38210,伊予市,中山町出渕,False
8811300,cctv,3,132.7075,33.701111,愛媛県,38210,伊予市,大平,False
8811320,cctv,3,133.6034113,33.9924278,愛媛県,38213,四国中央市,金田町半田,False
8811330,cctv,3,133.6571521,33.9961104,愛媛県,38213,四国中央市,川滝町下山,False
8811360,cctv,3,133.773611,34.015556,徳島県,36208,三好市,池田町白地,False
8811430,cctv,3,132.778333,33.981944,愛媛県,38201,松山市,下難波,False
8811450,cctv,3,133.057088,33.980444,愛媛県,38206,西条市,河原津,False
9110010,loop,3,130.750068,33.863991,福岡県,40109,北九州市 八幡西区,皇后崎町,False
9110030,loop,3,130.688122,32.756958,熊本県,43104,熊本市 南区,南高江三丁目,False
9110040,loop,3,130.688167,32.56558,熊本県,43468,氷川町,野津,False
9110050,loop,3,130.627862,32.501045,熊本県,43202,八代市,上日置町,False
9110060,loop,3,130.249002,31.84821,鹿児島県,46215,薩摩川内市,水引町,False
9110070,loop,3,130.444438,31.654085,鹿児島県,46216,日置市,伊集院町中川,False
9110110,loop,3,131.5788746,33.2485938,大分県,44201,大分市,大字八幡,False
9110120,loop,3,131.716873,32.838269,大分県,44205,佐伯市,宇目大字大平,False
9110140,loop,3,131.560352,32.2651,宮崎県,45406,都農町,大字川北,False
9110150,loop,3,131.136144,31.85384,宮崎県,45202,都城市,高城町有水,False
9110160,loop,3,130.774553,31.710555,鹿児島県,46218,霧島市,国分湊,False
9110190,loop,3,130.488663,33.357735,佐賀県,41203,鳥栖市,村田町,False
9110200,loop,3,130.0312792,33.1960989,佐賀県,41206,武雄市,武雄町大字昭和,False
9110230,loop,3,131.35466,32.951958,大分県,44208,竹田市,大字穴井迫,False
9110240,loop,3,130.847832,33.66937,福岡県,40601,香春町,大字高野,False
9110280,loop,3,130.0187991,33.347855,佐賀県,41202,唐津市,相知町相知,False
9110290,loop,3,130.445357,32.9712593,熊本県,43204,荒尾市,増永,False
9110300,loop,3,130.470721,33.141411,福岡県,40229,みやま市,瀬高町大江,False
9110335,loop,3,130.783657,31.396273,鹿児島県,46203,鹿屋市,古里町,False
9110340,loop,3,130.7281932,31.4528516,鹿児島県,46214,垂水市,新城,False
9310003,loop,3,130.968647,33.947868,福岡県,40101,北九州市 門司区,老松町,False
9310015,loop,3,130.540337,33.446602,福岡県,40217,筑紫野市,原田五丁目,False
9310017,loop,3,130.523608,33.323489,福岡県,40203,久留米市,東櫛原町,False
9310020,loop,3,130.669176,33.11458,熊本県,43208,山鹿市,鹿北町岩野,False
9310035,loop,3,130.555735,32.40604,熊本県,43202,八代市,二見本町,False
9310045,loop,3,130.36789,32.162155,鹿児島県,46208,出水市,境町,False
9310050,loop,3,130.275752,31.714213,鹿児島県,46219,いちき串木野市,住吉町,False
9310060,loop,3,130.5414069,32.3856288,熊本県,43202,八代市,二見赤松町,False
9310070,loop,3,130.297006,31.702321,鹿児島県,46219,いちき串木野市,川上,False
9310080,loop,3,130.960473,33.805889,福岡県,40107,北九州市 小倉南区,大字朽網,False
9310085,loop,3,131.283198,33.545943,大分県,44211,宇佐市,大字南敷田,False
9310090,loop,3,131.540397,33.380945,大分県,44341,日出町,大字藤原,False
9310100,loop,3,131.651922,33.159207,大分県,44201,大分市,大字中戸次,False
9310115,loop,3,131.023972,31.72657,宮崎県,45202,都城市,蓑原町,False
9310120,loop,3,130.613215,31.705779,鹿児島県,46225,姶良市,脇元,False
9310125,loop,3,130.1637701,33.2176162,佐賀県,41424,江北町,大字佐留志,False
9310127,loop,3,130.976239,32.913265,熊本県,43214,阿蘇市,車帰,False
9310130,loop,3,130.867355,32.875495,熊本県,43403,大津町,大字室,False
9310140,loop,3,130.7572925,32.820199,熊本県,43102,熊本市 東区,西原三丁目,False
9310150,loop,3,130.55327,32.677933,熊本県,43211,宇土市,上網田町,False
9310155,loop,3,130.370667,32.764672,長崎県,42203,島原市,南下川尻町,False
9310156,loop,3,130.199594,32.785365,長崎県,42213,雲仙市,千々石町戊,False
9310157,loop,3,131.6229634,33.0669652,大分県,44212,豊後大野市,犬飼町下津尾,False
9310159,loop,3,131.434075,32.997429,大分県,44212,豊後大野市,朝地町上尾塚,False
9310165,loop,3,130.442657,33.629691,福岡県,40131,福岡市 東区,多の津三丁目,False
9310174,loop,3,130.703907,33.627585,福岡県,40205,飯塚市,下三緒,False
9310181,loop,3,130.3350523,33.2309068,佐賀県,41201,佐賀市,諸富町大字山領,False
9310184,loop,3,130.6264597,32.9180791,熊本県,43364,玉東町,大字木葉,False
9310185,loop,3,129.9447181,33.3700095,佐賀県,41202,唐津市,北波多徳須恵,False
9310187,loop,3,130.111167,33.504396,福岡県,40230,糸島市,二丈福井,False
9310188,loop,3,130.64702,33.338309,福岡県,40203,久留米市,田主丸町中尾,False
9310189,loop,3,129.833592,33.06535,長崎県,42322,川棚町,小串郷,False
9310191,loop,3,130.387366,33.18514,福岡県,40212,大川市,大字三丸,False
9310192,loop,3,130.361827,33.202148,福岡県,40212,大川市,大字九網,False
9310193,loop,3,130.343385,33.208554,福岡県,40212,大川市,大字大野島,False
9310195,loop,3,130.863524,33.32086,大分県,44204,日田市,大字川下,False
9310200,loop,3,131.295812,33.250128,大分県,44213,由布市,湯布院町川西,False
9310205,loop,3,131.498216,33.196719,大分県,44213,由布市,挾間町鬼瀬,False
9310210,loop,3,131.442962,31.81605,宮崎県,45201,宮崎市,大字熊野,False
9310217,loop,3,130.9996904,31.417766,鹿児島県,46468,大崎町,永吉,False
9310218,loop,3,130.545285,31.377286,鹿児島県,46201,鹿児島市,喜入町,False
9310219,loop,3,130.617867,31.565718,鹿児島県,46201,鹿児島市,野尻町,False
9310220,loop,3,130.0480662,33.4310438,佐賀県,41202,唐津市,浜玉町東山田,False
9310470,loop,3,130.476053,32.244235,熊本県,43484,津奈木町,大字千代,False
9310480,loop,3,130.428031,32.216858,熊本県,43205,水俣市,大迫,False
9310520,loop,3,130.326106,32.10263,鹿児島県,46208,出水市,下知識町,False
9310530,loop,3,130.292812,32.082422,鹿児島県,46208,出水市,高尾野町上水流,False
9310540,loop,3,130.26224,32.072327,鹿児島県,46208,出水市,野田町下名,False
9310600,loop,3,130.257831,31.846075,鹿児島県,46215,薩摩川内市,小倉町,False
9310610,loop,3,130.283522,31.804655,鹿児島県,46215,薩摩川内市,宮里町,False
9310620,loop,3,130.304217,31.759537,鹿児島県,46219,いちき串木野市,芹ケ野,False
9310627,loop,3,130.044889,33.460781,佐賀県,41202,唐津市,浜玉町渕上,False
9310630,loop,3,129.9958886,33.4144141,佐賀県,41202,唐津市,久里,False
9310640,loop,3,129.9347973,33.3913713,佐賀県,41202,唐津市,北波多上平野,False
9310650,loop,3,129.933567,33.3796612,佐賀県,41202,唐津市,北波多山彦,False
9310660,loop,3,129.915058,33.300741,佐賀県,41205,伊万里市,南波多町府招,False
9310710,loop,3,129.8060041,33.3234718,佐賀県,41205,伊万里市,山代町久原,False
9310730,loop,3,129.729277,33.348249,長崎県,42208,松浦市,調川町,False
9310740,loop,3,129.6725855,33.3429592,長崎県,42208,松浦市,御厨町,False
9360270,loop,1,131.866353,32.938481,大分県,44205,佐伯市,大字長谷,False
9360280,loop,1,131.864089,32.895717,大分県,44205,佐伯市,大字青山,False
9360290,loop,1,131.87728,32.801652,大分県,44205,佐伯市,蒲江大字丸市尾浦,False
9360300,loop,1,131.827089,32.727805,宮崎県,45203,延岡市,北浦町古江,False
9360310,loop,1,131.811346,32.708018,宮崎県,45203,延岡市,北浦町古江,False
9360320,loop,1,131.702707,32.660714,宮崎県,45203,延岡市,北川町長井,False
9360330,loop,3,131.725922,32.675339,宮崎県,45203,延岡市,北川町長井,False
9360340,loop,3,131.648426,32.544601,宮崎県,45203,延岡市,小野町,False
9360350,loop,1,131.379337,31.692831,宮崎県,45204,日南市,北郷町郷之原,False
9360360,loop,1,131.387644,31.626655,宮崎県,45204,日南市,大字東弁分甲,False
9360380,loop,1,131.081995,31.483383,鹿児島県,46221,志布志市,志布志町安楽,False
9360385,loop,1,131.053459,31.466056,鹿児島県,46221,志布志市,有明町野井倉,False
9360390,loop,1,130.99415,31.44531,鹿児島県,46468,大崎町,假宿,False
9360400,loop,1,130.90009,31.466282,鹿児島県,46203,鹿屋市,下高隈町,False
9360410,loop,1,130.93081,31.52102,鹿児島県,46468,大崎町,野方,False
9360420,loop,1,130.9538662,31.6152487,鹿児島県,46217,曽於市,大隅町岩川,False
9360430,loop,1,130.866625,32.749633,熊本県,43441,御船町,大字田代,False
9360440,loop,1,130.89194,32.741409,熊本県,43441,御船町,大字上野,False
9360443,loop,1,130.938429,32.730976,熊本県,43447,山都町,金内,False
9360465,loop,3,131.345815,32.69277,宮崎県,45442,日之影町,大字七折,False
9360467,loop,3,131.36226,32.67691,宮崎県,45442,日之影町,大字七折,False
9360470,loop,3,131.509484,32.587591,宮崎県,45203,延岡市,北方町蔵田,False
9810010,cctv,3,130.79675,33.868528,福岡県,40108,北九州市 八幡東区,西本町二丁目,False
9810020,cctv,3,130.608521,33.835259,福岡県,40383,岡垣町,大字野間,False
9810030,cctv,3,130.567337,33.789782,福岡県,40220,宗像市,野坂,False
9810040,cctv,3,130.488242,33.744955,福岡県,40223,古賀市,舞の里三丁目,False
9810050,cctv,3,130.478193,33.736912,福岡県,40223,古賀市,新久保二丁目,False
9810070,cctv,3,130.49557,33.526004,福岡県,40221,太宰府市,水城二丁目,False
9810080,cctv,3,130.511069,33.511003,福岡県,40221,太宰府市,通古賀一丁目,False
9810090,cctv,3,130.520977,33.5102,福岡県,40221,太宰府市,朱雀五丁目,False
9810100,cctv,3,130.53932,33.477797,福岡県,40217,筑紫野市,大字永岡,False
9810120,cctv,3,130.525942,33.339662,福岡県,40203,久留米市,小森野七丁目,False
9810130,cctv,3,130.60119,33.198707,福岡県,40210,八女市,立花町兼松,False
9810140,cctv,3,130.617432,33.170447,福岡県,40210,八女市,立花町下辺春,False
9810150,cctv,3,130.775199,33.868069,福岡県,40109,北九州市 八幡西区,田町一丁目,False
9810160,cctv,3,130.74688,33.864325,福岡県,40109,北九州市 八幡西区,皇后崎町,False
9810170,cctv,3,130.441499,33.648732,福岡県,40131,福岡市 東区,水谷二丁目,False
9810180,cctv,3,130.438611,33.615,福岡県,40131,福岡市 東区,原田一丁目,False
9810190,cctv,3,130.546326,33.449685,福岡県,40217,筑紫野市,原田三丁目,False
9810200,cctv,3,130.532642,33.419169,佐賀県,41341,基山町,大字小倉,False
9810210,cctv,3,130.698429,32.927372,熊本県,43105,熊本市 北区,植木町亀甲,False
9810230,cctv,3,130.485852,32.33541,熊本県,43482,芦北町,大字海浦,False
9810240,cctv,3,130.498828,32.246853,熊本県,43482,芦北町,大字大川内,False
9810260,cctv,3,130.240833,32.069333,鹿児島県,46208,出水市,野田町下名,False
9810270,cctv,3,130.223169,32.059968,鹿児島県,46206,阿久根市,折口,False
9810280,cctv,3,130.195866,32.001033,鹿児島県,46206,阿久根市,塩浜町二丁目,False
9810290,cctv,3,130.301221,31.773545,鹿児島県,46215,薩摩川内市,都町,False
9810300,cctv,3,130.297198,31.752394,鹿児島県,46219,いちき串木野市,金山,False
9810310,cctv,3,130.334671,31.67178,鹿児島県,46216,日置市,東市来町湯田,False
9810320,cctv,3,130.514685,31.644384,鹿児島県,46201,鹿児島市,伊敷町,False
9810330,cctv,3,130.55217,31.593127,鹿児島県,46201,鹿児島市,照国町,False
9810340,cctv,3,130.294585,31.774587,鹿児島県,46215,薩摩川内市,都町,False
9810350,cctv,3,130.521497,31.586173,鹿児島県,46201,鹿児島市,田上七丁目,False
9810360,cctv,3,131.074923,33.635625,福岡県,40647,築上町,大字有安,False
9810370,cctv,3,131.1134,33.608119,福岡県,40214,豊前市,大字八屋,False
9810380,cctv,3,131.25154,33.554077,大分県,44203,中津市,大字野依,False
9810390,cctv,3,131.495973,33.473564,大分県,44210,杵築市,山香町大字下,False
9810400,cctv,3,131.549075,33.419957,大分県,44341,日出町,大字藤原,False
9810410,cctv,3,131.497308,33.357186,大分県,44341,日出町,大字平道,False
9810420,cctv,3,131.504156,33.288446,大分県,44202,別府市,京町,False
9810430,cctv,3,131.619615,33.177323,大分県,44201,大分市,大字旦野原,False
9810440,cctv,3,131.647172,33.091164,大分県,44201,大分市,大字上戸次,False
9810450,cctv,3,131.638559,33.078135,大分県,44212,豊後大野市,犬飼町久原,False
9810460,cctv,3,131.689156,33.033751,大分県,44206,臼杵市,野津町大字野津市,False
9810470,cctv,3,131.788698,33.001599,大分県,44205,佐伯市,弥生大字尺間,False
9810480,cctv,3,131.841525,32.952753,大分県,44205,佐伯市,弥生大字門田,False
9810490,cctv,3,131.801353,32.921925,大分県,44205,佐伯市,直川大字下直見,False
9810500,cctv,3,131.718143,32.845215,大分県,44205,佐伯市,宇目大字大平,False
9810510,cctv,3,131.301439,33.5355,大分県,44211,宇佐市,大字山下,False
9810520,cctv,3,131.636491,33.17727,大分県,44201,大分市,大字下判田,False
9810530,cctv,3,131.69922,32.765887,宮崎県,45203,延岡市,北川町川内名,False
9810540,cctv,3,131.712307,32.73308,宮崎県,45203,延岡市,北川町川内名,False
9810550,cctv,3,131.69547,32.680641,宮崎県,45203,延岡市,北川町長井,False
9810560,cctv,3,131.682165,32.616299,宮崎県,45203,延岡市,稲葉崎町四丁目,False
9810580,cctv,3,131.681538,32.562406,宮崎県,45203,延岡市,浜町,False
9810590,cctv,3,131.682071,32.512945,宮崎県,45203,延岡市,土々呂町三丁目,False
9810600,cctv,3,131.671612,32.505475,宮崎県,45203,延岡市,土々呂町六丁目,False
9810610,cctv,3,131.65983,32.4838,宮崎県,45421,門川町,大字加草,False
9810620,cctv,3,131.634167,32.4475,宮崎県,45206,日向市,大王町二丁目,False
9810630,cctv,3,131.615818,32.341692,宮崎県,45206,日向市,大字幸脇,False
9810640,cctv,3,131.525151,32.11892,宮崎県,45401,高鍋町,大字北高鍋,False
9810650,cctv,3,131.469141,32.040937,宮崎県,45201,宮崎市,佐土原町下田島,False
9810660,cctv,3,131.344339,31.943136,宮崎県,45201,宮崎市,高岡町下倉永,False
9810670,cctv,3,131.267825,31.951519,宮崎県,45201,宮崎市,高岡町浦之名,False
9810680,cctv,3,131.228421,31.916759,宮崎県,45201,宮崎市,高岡町内山,False
9810690,cctv,3,131.126939,31.831007,宮崎県,45202,都城市,高城町石山,False
9810700,cctv,3,131.054167,31.709722,宮崎県,45202,都城市,大岩田町,False
9810710,cctv,3,131.024809,31.709978,宮崎県,45202,都城市,平塚町,False
9810720,cctv,3,130.889721,31.661481,鹿児島県,46217,曽於市,大隅町坂元,False
9810730,cctv,3,130.809578,31.723242,鹿児島県,46218,霧島市,国分川内,False
9810740,cctv,3,130.368554,33.303899,佐賀県,41210,神埼市,神埼町本告牟田,False
9810750,cctv,3,130.293549,33.274196,佐賀県,41201,佐賀市,日の出二丁目,False
9810760,cctv,3,130.245086,33.264743,佐賀県,41201,佐賀市,鍋島町大字森田,False
9810770,cctv,3,130.218458,33.260416,佐賀県,41208,小城市,三日月町樋口,False
9810780,cctv,3,130.182031,33.234475,佐賀県,41208,小城市,牛津町上砥川,False
9810790,cctv,3,130.172161,33.222251,佐賀県,41424,江北町,大字惣領分,False
9810800,cctv,3,130.143217,33.219025,佐賀県,41424,江北町,大字上小田,False
9810810,cctv,3,130.087452,33.21595,佐賀県,41206,武雄市,北方町大字志久,False
9810820,cctv,3,130.052459,33.218774,佐賀県,41206,武雄市,北方町大字大崎,False
9810830,cctv,3,130.047967,33.207839,佐賀県,41206,武雄市,朝日町大字甘久,False
9810840,cctv,3,129.960829,33.072915,佐賀県,41209,嬉野市,嬉野町大字不動山,False
9810850,cctv,3,129.948701,32.995999,長崎県,42321,東彼杵町,里郷,False
9810860,cctv,3,129.957531,32.904461,長崎県,42205,大村市,西本町,False
9810870,cctv,3,129.971348,32.890501,長崎県,42205,大村市,久原二丁目,False
9810890,cctv,3,130.02412,32.874945,長崎県,42204,諫早市,下大渡野町,False
9810900,cctv,3,130.024592,32.839674,長崎県,42204,諫早市,小船越町,False
9810910,cctv,3,129.977938,33.19594,佐賀県,41206,武雄市,山内町大字犬走,False
9810920,cctv,3,129.943948,33.19115,佐賀県,41206,武雄市,山内町大字三間坂,False
9810930,cctv,3,129.9054,33.188814,佐賀県,41401,有田町,中樽一丁目,False
9810940,cctv,3,131.383534,32.971846,大分県,44208,竹田市,大字飛田川,False
9810950,cctv,3,131.382552,32.968281,大分県,44208,竹田市,大字飛田川,False
9810960,cctv,3,131.248695,32.960917,大分県,44208,竹田市,大字小塚,False
9810970,cctv,3,131.537821,33.032886,大分県,44212,豊後大野市,大野町片島,False
9810980,cctv,3,131.453155,33.002623,大分県,44212,豊後大野市,朝地町下野,False
9810990,cctv,3,131.244117,32.960971,熊本県,43214,阿蘇市,波野大字小園,False
9811000,cctv,3,131.035064,32.935304,熊本県,43214,阿蘇市,乙姫,False
9811010,cctv,3,130.954853,32.876725,熊本県,43433,南阿蘇村,大字立野,False
9811020,cctv,3,130.462111,32.614306,熊本県,43213,宇城市,三角町三角浦,False
9811030,cctv,3,130.251342,32.725396,長崎県,42213,雲仙市,小浜町雲仙,False
9811040,cctv,3,130.234748,32.720774,長崎県,42213,雲仙市,小浜町南木指,False
9811050,cctv,3,130.209003,32.735871,長崎県,42213,雲仙市,小浜町北本町,False
9811060,cctv,3,130.149506,32.808908,長崎県,42213,雲仙市,愛野町乙,False
9811070,cctv,3,130.094768,32.836521,長崎県,42204,諫早市,小野島町,False
9811080,cctv,3,130.053336,32.831962,長崎県,42204,諫早市,小川町,False
9811090,cctv,3,130.568781,33.618881,福岡県,40342,篠栗町,大字篠栗,False
9811100,cctv,3,130.579442,33.6186,福岡県,40342,篠栗町,大字篠栗,False
9811110,cctv,3,130.588462,33.621943,福岡県,40205,飯塚市,八木山,False
9811120,cctv,3,130.750269,33.656846,福岡県,40205,飯塚市,仁保,False
9811130,cctv,3,130.761828,33.651425,福岡県,40604,糸田町,−,False
9811140,cctv,3,130.764099,33.641375,福岡県,40604,糸田町,−,False
9811150,cctv,3,130.807798,33.653317,福岡県,40206,田川市,大字伊田,False
9811170,cctv,3,130.3311,33.372,佐賀県,41210,神埼市,脊振町広滝,False
9811180,cctv,3,130.671342,33.623119,福岡県,40205,飯塚市,秋松,False
9811190,cctv,3,130.970335,33.743797,福岡県,40621,苅田町,大字新津,False
9811210,cctv,3,130.110769,33.509483,福岡県,40230,糸島市,二丈福井,False
9811220,cctv,3,130.069167,33.501667,福岡県,40230,糸島市,二丈吉井,False
9811240,cctv,3,130.168427,33.522842,福岡県,40230,糸島市,二丈松国,False
9811250,cctv,3,130.14563,33.513446,福岡県,40230,糸島市,二丈深江,False
9811260,cctv,3,130.042275,33.454313,佐賀県,41202,唐津市,浜玉町浜崎,False
9811270,cctv,3,129.991737,33.43111,佐賀県,41202,唐津市,和多田大土井,False
9811280,cctv,3,129.933234,33.348904,佐賀県,41205,伊万里市,南波多町水留,False
9811290,cctv,3,129.928169,33.331844,佐賀県,41205,伊万里市,南波多町大曲,False
9811300,cctv,3,129.882489,33.268208,佐賀県,41205,伊万里市,立花町,False
9811310,cctv,3,129.850727,33.240919,佐賀県,41401,有田町,二ノ瀬,False
9811320,cctv,3,130.040128,33.45989,佐賀県,41202,唐津市,浜玉町渕上,False
9811330,cctv,3,129.984455,33.384504,佐賀県,41202,唐津市,相知町牟田部,False
9811350,cctv,3,130.076971,33.304966,佐賀県,41202,唐津市,厳木町中島,False
9811360,cctv,3,130.168151,33.290021,佐賀県,41208,小城市,小城町晴気,False
9811370,cctv,3,130.034833,33.327444,佐賀県,41202,唐津市,厳木町本山,False
9811380,cctv,3,130.116435,33.293622,佐賀県,41204,多久市,北多久町大字多久原,False
9811390,cctv,3,129.918279,33.036911,長崎県,42321,東彼杵町,彼杵宿郷,False
9811400,cctv,3,130.661481,32.908291,熊本県,43105,熊本市 北区,植木町富応,False
9811410,cctv,3,130.439722,33.017222,福岡県,40202,大牟田市,八江町,False
9811420,cctv,3,130.465234,33.057105,福岡県,40202,大牟田市,大字田隈,False
9811450,cctv,3,130.425184,33.0128,福岡県,40202,大牟田市,新港町,False
9811460,cctv,3,130.422417,33.140861,福岡県,40207,柳川市,大和町塩塚,False
9811461,cctv,3,130.387933,33.18456,福岡県,40212,大川市,大字三丸,False
9811470,cctv,3,130.431406,33.046253,福岡県,40202,大牟田市,健老町,False
9811480,cctv,3,130.4292,33.055717,福岡県,40202,大牟田市,昭和開,False
9811490,cctv,3,130.42405,33.069783,福岡県,40202,大牟田市,昭和開,False
9811500,cctv,3,130.428242,33.07752,福岡県,40229,みやま市,高田町昭和開,False
9811510,cctv,3,130.433017,33.082383,福岡県,40229,みやま市,高田町黒崎開,False
9811520,cctv,3,130.430375,33.118261,福岡県,40207,柳川市,大和町中島,False
9811540,cctv,3,130.478771,33.157534,福岡県,40229,みやま市,瀬高町下庄,False
9811550,cctv,3,130.505954,33.229426,福岡県,40211,筑後市,大字熊野,False
9811560,cctv,3,130.507151,33.235052,福岡県,40211,筑後市,大字熊野,False
9811570,cctv,3,130.509483,33.247995,福岡県,40211,筑後市,大字一条,False
9811580,cctv,3,130.509461,33.256515,福岡県,40203,久留米市,荒木町荒木,False
9811590,cctv,3,130.594037,33.319957,福岡県,40203,久留米市,善導寺町木塚,False
9811600,cctv,3,130.730893,33.345255,福岡県,40203,久留米市,田主丸町鷹取,False
9811610,cctv,3,130.752694,33.34375,福岡県,40225,うきは市,吉井町,False
9811620,cctv,3,130.801953,33.333388,福岡県,40225,うきは市,浮羽町東隈上,False
9811650,cctv,3,130.852326,33.33196,福岡県,40225,うきは市,浮羽町三春,False
9811660,cctv,3,130.915379,33.307732,大分県,44204,日田市,大字石井,False
9811670,cctv,3,130.938844,33.298834,大分県,44204,日田市,大字高瀬,False
9811680,cctv,3,130.952388,33.298189,大分県,44204,日田市,大字日高,False
9811690,cctv,3,130.96937,33.299212,大分県,44204,日田市,大字日高,False
9811700,cctv,3,131.01058,33.261645,大分県,44204,日田市,天瀬町合田,False
9811710,cctv,3,131.128611,33.28,大分県,44462,玖珠町,大字山田,False
9811720,cctv,3,131.175263,33.237877,大分県,44461,九重町,大字右田,False
9811730,cctv,3,131.224187,33.2405,大分県,44461,九重町,大字右田,False
9811740,cctv,3,131.328533,33.254964,大分県,44213,由布市,湯布院町川北,False
9811750,cctv,3,131.323213,33.237158,大分県,44213,由布市,湯布院町川西,False
9811760,cctv,3,131.452171,33.183318,大分県,44213,由布市,庄内町大龍,False
9811770,cctv,3,131.4707,31.760789,宮崎県,45201,宮崎市,大字内海,False
9811780,cctv,3,131.38327,31.559046,宮崎県,45204,日南市,大堂津二丁目,False
9811790,cctv,3,131.378628,31.547715,宮崎県,45204,日南市,大堂津五丁目,False
9811800,cctv,3,131.361225,31.546675,宮崎県,45204,日南市,南郷町中村甲,False
9811810,cctv,3,131.212192,31.452141,宮崎県,45207,串間市,大字西方,False
9811820,cctv,3,131.154444,31.465556,鹿児島県,46221,志布志市,志布志町夏井,False
9811830,cctv,3,131.051761,31.447659,鹿児島県,46221,志布志市,有明町野井倉,False
9811840,cctv,3,130.811533,31.388108,鹿児島県,46203,鹿屋市,上野町,False
9811850,cctv,3,130.764377,31.418135,鹿児島県,46203,鹿屋市,根木原町,False
9811860,cctv,3,130.706877,31.542976,鹿児島県,46214,垂水市,海潟,False
9811870,cctv,3,130.718333,31.557778,鹿児島県,46214,垂水市,牛根麓,False
9811880,cctv,3,130.819552,31.647658,鹿児島県,46218,霧島市,福山町福山,False
9811900,cctv,3,130.291795,31.279829,鹿児島県,46204,枕崎市,平田町,False
9811910,cctv,3,130.293564,31.29138,鹿児島県,46204,枕崎市,桜山町,False
9811920,cctv,3,130.334728,31.327343,鹿児島県,46223,南九州市,川辺町上山田,False
9811930,cctv,3,130.506308,31.494637,鹿児島県,46201,鹿児島市,坂之上六丁目,False
9811940,cctv,3,130.521631,31.527877,鹿児島県,46201,鹿児島市,谷山中央二丁目,False
9811950,cctv,3,130.607172,31.28973,鹿児島県,46210,指宿市,岩本,False
9811960,cctv,3,130.564308,31.323917,鹿児島県,46201,鹿児島市,喜入生見町,False
9811970,cctv,3,130.513245,31.46639,鹿児島県,46201,鹿児島市,平川町,False
9811980,cctv,3,129.764492,33.349766,長崎県,42208,松浦市,今福町,False
9812010,cctv,3,129.784069,33.139564,長崎県,42202,佐世保市,有福町,False
9812020,cctv,3,130.150153,33.286406,佐賀県,41204,多久市,東多久町大字別府,False
9812030,cctv,3,131.637799,33.085295,大分県,44212,豊後大野市,犬飼町下津尾,False
9812040,cctv,3,131.553056,32.568611,宮崎県,45203,延岡市,北方町曽木,False
9812050,cctv,3,130.478333,33.550278,福岡県,40219,大野城市,御笠川一丁目,False
9812060,cctv,3,131.00539,32.92625,熊本県,43214,阿蘇市,的石,False
9812070,cctv,3,130.933611,32.9,熊本県,43403,大津町,大字古城,False
9812080,cctv,3,130.319462,33.275953,佐賀県,41201,佐賀市,兵庫町大字渕,False
9812090,cctv,3,130.611685,33.596538,福岡県,40205,飯塚市,内住,False
9812100,cctv,3,130.430417,33.05235,福岡県,40202,大牟田市,昭和開,False
9812110,cctv,3,129.761111,33.158889,長崎県,42202,佐世保市,日宇町,False
9812120,cctv,3,130.677414,31.737096,鹿児島県,46225,姶良市,加治木町日木山,False
9812130,cctv,3,130.391671,33.321149,佐賀県,41327,吉野ヶ里町,田手,False
9812140,cctv,3,130.31245,32.733917,長崎県,42214,南島原市,深江町乙,False
9812150,cctv,3,129.960344,33.062653,長崎県,42321,東彼杵町,坂本郷,False
10110010,loop,3,127.924665,26.525846,沖縄県,47311,恩納村,字名嘉真,False
10110030,loop,3,127.741288,26.2749695,沖縄県,47205,宜野湾市,大山六丁目,False
10110040,loop,3,127.955092,26.475018,沖縄県,47313,宜野座村,字漢那,False
10110060,loop,3,127.8136432,26.2802365,沖縄県,47328,中城村,字久場,False
10110070,loop,3,127.6618946,26.2002773,沖縄県,47201,那覇市,字安次嶺,False
10110090,loop,3,127.7064997,26.175443,沖縄県,47212,豊見城市,字金良,False
10810020,cctv,3,127.8169797,26.4248498,沖縄県,47213,うるま市,石川,False
10810030,cctv,3,127.672778,26.205278,沖縄県,47201,那覇市,垣花町,False
10810040,cctv,3,127.665833,26.206111,沖縄県,47201,那覇市,垣花町三丁目,False
10810050,cctv,3,128.108879,26.691524,沖縄県,47302,大宜味村,字根路銘,False
10810060,cctv,3,128.037283,26.634931,沖縄県,47209,名護市,字真喜屋,False
10810070,cctv,3,127.999725,26.601952,沖縄県,47209,名護市,字名護,False
10810080,cctv,3,127.997813,26.583164,沖縄県,47209,名護市,字名護,False
10810090,cctv,3,127.989432,26.573059,沖縄県,47209,名護市,字世冨慶,False
10810100,cctv,3,127.976575,26.558695,沖縄県,47209,名護市,字数久田,False
10810110,cctv,3,127.965947,26.547043,沖縄県,47209,名護市,字許田,False
10810120,cctv,3,127.965137,26.54542,沖縄県,47209,名護市,字許田,False
10810130,cctv,3,127.95978,26.541292,沖縄県,47209,名護市,字許田,False
10810140,cctv,3,127.935453,26.536514,沖縄県,47209,名護市,字喜瀬,False
10810150,cctv,3,127.901775,26.513824,沖縄県,47311,恩納村,字安富祖,False
10810160,cctv,3,127.87991,26.503684,沖縄県,47311,恩納村,字瀬良垣,False
10810170,cctv,3,127.86208,26.498443,沖縄県,47311,恩納村,字恩納,False
10810180,cctv,3,127.851357,26.482334,沖縄県,47311,恩納村,字恩納,False
10810190,cctv,3,127.805583,26.443459,沖縄県,47311,恩納村,字仲泊,False
10810200,cctv,3,127.7508,26.33886,沖縄県,47326,北谷町,字砂辺,False
10810220,cctv,3,127.73052,26.26837,沖縄県,47205,宜野湾市,宇地泊二丁目,False
10810230,cctv,3,127.72327,26.26631,沖縄県,47208,浦添市,牧港一丁目,False
10810240,cctv,3,127.72616,26.26904,沖縄県,47208,浦添市,牧港五丁目,False
10810260,cctv,3,127.71261,26.27344,沖縄県,47208,浦添市,字港川,False
10810270,cctv,3,127.89631,26.45118,沖縄県,47314,金武町,字伊芸,False
10810280,cctv,3,127.849893,26.44914,沖縄県,47314,金武町,字屋嘉,False
10810290,cctv,3,127.908553,26.448972,沖縄県,47314,金武町,字金武,False
10810300,cctv,3,127.81338,26.30711,沖縄県,47211,沖縄市,与儀三丁目,False
10810310,cctv,3,127.81449,26.28756,沖縄県,47328,中城村,字久場,False
10810320,cctv,3,127.76571,26.22351,沖縄県,47329,西原町,字嘉手苅,False
10810330,cctv,3,127.75175,26.20076,沖縄県,47348,与那原町,字上与那原,False
10810340,cctv,3,127.75767,26.25841,沖縄県,47205,宜野湾市,志真志四丁目,False
10810350,cctv,3,127.74765,26.24962,沖縄県,47208,浦添市,西原四丁目,False
10810360,cctv,3,127.73508,26.25443,沖縄県,47205,宜野湾市,嘉数二丁目,False
10810370,cctv,3,127.72416,26.25456,沖縄県,47208,浦添市,仲間一丁目,False
10810380,cctv,3,127.65168,26.16953,沖縄県,47212,豊見城市,字与根,False
10810390,cctv,3,127.65812,26.15401,沖縄県,47212,豊見城市,字豊崎,False
10810400,cctv,3,127.66514,26.13071,沖縄県,47210,糸満市,字糸満,False
10810410,cctv,3,127.6686,26.11574,沖縄県,47210,糸満市,字真栄里,False
10810420,cctv,3,127.7159,26.094,沖縄県,47210,糸満市,字摩文仁,False
10810430,cctv,3,127.75919,26.12873,沖縄県,47362,八重瀬町,字港川,False
10810440,cctv,3,127.77529,26.14014,沖縄県,47215,南城市,玉城字中山,False
10810450,cctv,3,127.8265,26.17006,沖縄県,47215,南城市,知念字久手堅,False
10810460,cctv,3,127.652556,26.20426,沖縄県,47201,那覇市,字安次嶺,False
10810470,cctv,3,127.73745,26.20925,沖縄県,47350,南風原町,字大名,False
10810480,cctv,3,127.73158,26.18171,沖縄県,47350,南風原町,字喜屋武,False
10810490,cctv,3,127.70638,26.17543,沖縄県,47212,豊見城市,字金良,False
10810510,cctv,3,127.69662,26.17208,沖縄県,47212,豊見城市,字平良,False
10810520,cctv,3,127.67964,26.17121,沖縄県,47212,豊見城市,字上田,False
